name, symbol, cmcRank, tokenAddress, usdPrice, tags
Celsius, CEL, 105, 0xaaaebe6fe48e54f431b0c390cfaf0b017d09d42d, 4.32071664600712, lending-borowing exnetwork-capital-portfolio
Telcoin, TEL, 108, 0x467bccd9d29f223bce8043b84e8c8b282827790f, 0.01836277082018, medium-of-exchange polygon-ecosystem
SwissBorg, CHSB, 131, 0xba9d4199fab4f26efe3551d490e3821486f135ba, 0.62797834142378, asset-management staking
Neutrino USD, USDN, 136, 0x674C6Ad92Fd080e4004b2312b45f796a192D27a0, 0.96746791591154, defi stablecoin binance-smart-chain
DigitalBits, XDB, 143, 0xb9eefc4b0d472a44be93970254df4f4016569d27, 0.67082653035892, 
Function X, FX, 145, 0x8c15ef5b4b21951d50e53e4fbda8298ffad25057, 1.21184374784043, hardware
GateToken, GT, 147, 0xe66747a101bff2dba3697199dcce5b743b454759, 6.22475958233433, marketplace centralized-exchange discount-token algorand-ecosystem
OriginTrail, TRAC, 158, 0xaa7a9ca87d3694b5755f213b5d04094b8d0f0a6f, 1.16372523018929, logistics enterprise-solutions smart-contracts polkadot-ecosystem
XYO, XYO, 162, 0x55296f69f40ea6d20e478533c15a6b08b654e758, 0.03014313124733, 
ASD, ASD, 173, 0xff742d05420b6aca4481f635ad8341f81a6300c2, 0.50396874893099, centralized-exchange
Unibright, UBT, 175, 0x8400d94a5cb0fa0d041a3788e395285d61c9ee5e, 2.2079430226359, 
Orbs, ORBS, 189, 0xff56cc6b1e6ded347aa0b7676c85ab0b3d08b0fa, 0.12752426838486, services enterprise-solutions
Ampleforth, AMPL, 193, 0xd46ba6d942050d489dbd938a2c909a5d5039a161, 1.75954314445122, defi rebase avalanche-ecosystem arrington-xrp-capital alameda-research-portfolio pantera-capital-portfolio
Proton, XPR, 199, 0xd7efb00d12c2c13131fd319336fdf952525da2af, 0.02899494342861, collectibles-nfts decentralized-exchange defi wallet amm binance-smart-chain dex governance
HEX, HEX, 201, 0x2b591e99afe9f32eaa6214f7b7629768c40eeb39, 0.22411568107698, 
Huobi BTC, HBTC, 206, 0x0316EB71485b0Ab14103307bf65a021042c6d380, 61804.28959146265, heco-ecosystem
The Transfer Token, TTT, 210, 0x2494a68C1484376fEf880b4c24D91f049d29B02A, 12.82969430985733, 
NXM, NXM, 213, 0xd7c49cee7e9188cca6ad8ff264c1da2e69d4cf3b, 166.5471781595218, defi insurance kinetic-capital placeholder-ventures-portfolio
INO COIN, INO, 228, 0xc9859fccc876e6b4b3c749c5d29ea04f48acb74f, 3.61663393427828, medium-of-exchange crowdfunding
Frax, FRAX, 231, 0x853d955acef822db058eb8505911ed77f175b99e, 1.00029370914637, defi stablecoin seigniorage avalanche-ecosystem polygon-ecosystem fantom-ecosystem
LUKSO, LYXe, 233, 0xA8b919680258d369114910511cc87595aec0be6D, 37.26347083211974, collectibles-nfts
Bitpanda Ecosystem Token, BEST, 244, 0x1b073382e63411e3bcffe90ac1b9a43fefa1ec6f, 1.06601866887238, marketplace centralized-exchange
Rocket Pool, RPL, 249, 0xb4efd85c19999d84251304bda99e90b92300bd93, 36.05561583192076, defi
Orbit Chain, ORC, 252, 0x662b67d00a13faf93254714dd601f5ed49ef2f51, 0.64927036957957, 
KOK, KOK, 258, 0x9b9647431632af44be02ddd22477ed94d14aacaa, 2.87233773738109, 
HedgeTrade, HEDG, 267, 0xF1290473E210b2108A85237fbCd7b6eb42Cc654F, 0.82162166206201, asset-management marketplace discount-token
PEAKDEFI, PEAK, 275, 0x630d98424efe0ea27fb1b3ab7741907dffeaad78, 0.2511253944046, defi binance-smart-chain
Dawn Protocol, DAWN, 276, 0x580c8520deda0a441522aeae0f9f7a5f29629afa, 3.58468090311515, gaming
dKargo, DKA, 280, 0x5dc60C4D5e75D22588FA17fFEB90A63E535efCE0, 0.23556087901856, 
Ultra, UOS, 286, 0xd13c7342e1ef687c5ad21b27c2b65d772cab5c8c, 0.82634693051449, platform collectibles-nfts gaming payments
Syntropy, NOIA, 298, 0xa8c8CfB141A3bB59FEA1E2ea6B79b5ECBCD7b6ca, 0.45423074199591, 
MVL, MVL, 301, 0xa849eaae994fb86afa73382e9bd88c2b6b18dc71, 0.01616330574097, 
CRYPTO20, C20, 302, 0x26e75307fc0c021472feb8f727839531f112f317, 5.29750265621843, services
LCX, LCX, 309, 0x037a54aab062628c9bbae1fdb1583c195585fe41, 0.28263432654145, 
Uquid Coin, UQC, 313, 0x8806926ab68eb5a7b909dcaf6fdbe5d93271d6e2, 19.54335188603278, asset-management defi payments
MX Token, MX, 321, 0x11eef04c884e24d9b7b4760e7476d06ddf797f36, 1.8778596139872, marketplace centralized-exchange discount-token
Render Token, RNDR, 330, 0x6de037ef9ad2725eb40118bb1702ebb27e4aeb24, 1.07285948569859, art scaling polygon-ecosystem
Sentinel, DVPN, 332, 0xa44E5137293E855B1b7bC7E2C6f8cD796fFCB037, 0.03265914943195, cosmos-ecosystem
AllianceBlock, ALBT, 334, 0x00a8b738E453fFd858a7edf03bcCfe20412f0Eb0, 0.75602556422992, avalanche-ecosystem exnetwork-capital-portfolio
Bloomzed Loyalty Club Ticket, BLCT, 340, 0x6d2c508fc4a588a41713ff59212f85489291d244, 4.50865486872371, 
CEEK VR, CEEK, 343, 0xb056c38f6b7dc4064367403e26424cd2c60655e1, 0.22925244738085, vr-ar collectibles-nfts binance-smart-chain metaverse
Morpheus.Network, MNW, 344, 0xd3E4Ba569045546D09CF021ECC5dFe42b1d7f6E4, 3.55047879789216, logistics payments
Rakon, RKN, 345, 0x6e5a43db10b04701385a34afb670e404bc7ea597, 0.6817088148078, 
LGCY Network, LGCY, 355, 0xae697f994fc5ebc000f8e22ebffee04612f98a0d, 0.01240413623006, 
Molecular Future, MOF, 357, 0x653430560be843c4a3d143d0110e896c2ab8ac0d, 1.7901848136099, 
Humanscape, HUM, 363, 0x174afe7a032b5a33a3270a9f6c30746e25708532, 0.25094050512171, 
Sport and Leisure, SNL, 373, 0xa806b3fed6891136940cf81c4085661500aa2709, 0.20683693867522, marketplace
MXC, MXC, 376, 0x5ca381bbfb58f0092df149bd3d243b08b9a8386e, 0.05218526599685, iot substrate polkadot-ecosystem
Newscrypto, NWC, 380, 0x968f6f898a6df937fc1859b323ac2f14643e3fed, 0.90660263406128, education ethereum stellar binance-smart-chain
Gemini Dollar, GUSD, 381, 0x056Fd409E1d7A124BD7017459dFEa2F387b6d5Cd, 0.99333540425006, store-of-value stablecoin stablecoin-asset-backed
Strong, STRONG, 387, 0x990f341946a3fdb507ae7e52d17851b87168017c, 965.9934427056943, defi yield-farming
Propy, PRO, 390, 0x226bb599a12c826476e3a771454697ea52e9e220, 1.84024521456513, real-estate escrow smart-contracts arrington-xrp-capital
Hxro, HXRO, 391, 0x4bd70556ae3f8a6ec6c4080a0c327b24325438f3, 0.43748771711769, three-arrows-capital-portfolio solana-ecosystem cms-holdings-portfolio coinfund-portfolio ledgerprime-portfolio alameda-research-portfolio
TokenPocket, TPT, 396, 0x4161725d019690a3e0de50f6be67b07a86a9fae1, 0.03717171859343, binance-smart-chain
ZB Token, ZB, 400, 0xbd0793332e9fb844a52a205a233ef27a5b34b927, 0.27149989643094, marketplace centralized-exchange discount-token payments
MATH, MATH, 399, 0x08d967bb0134f2d07f7cfb6e246680c53927dd30, 1.09986865406261, cosmos-ecosystem binance-smart-chain polkadot-ecosystem polygon-ecosystem
Assemble Protocol, ASM, 402, 0x2565ae0385659badcada1031db704442e1b69982, 0.18045551933727, 
Chimpion, BNANA, 403, 0x07ef9e82721ac16809d24dafbe1792ce01654db4, 3.79183592131712, 
WHALE, WHALE, 407, 0x9355372396e3F6daF13359B7b607a3374cc638e0, 17.37749797051749, collectibles-nfts social-money
Elitium, EUM, 417, 0x6aB4A7d75B0A42B6Bc83E852daB9E121F9C610Aa, 3.90761350015344, 
TrustSwap, SWAP, 425, 0xcc4304a31d09258b0029ea7fe63d032f52e44efe, 1.17611787227602, defi launchpad avalanche-ecosystem
Sentinel Protocol, UPP, 426, 0xc86d054809623432210c107af2e3f619dcfbf652, 0.22793427812988, 
STASIS EURO, EURS, 428, 0xdb25f211ab05b1c97d595516f45794528a807ad8, 1.15505064582012, marketplace stablecoin stablecoin-asset-backed wallet
inSure DeFi, SURE, 436, 0xcb86c6a22cb56b6cf40cafedb06ba0df188a416e, 0.00377318890632, collectibles-nfts defi insurance binance-smart-chain
Carry, CRE, 438, 0x115eC79F1de567eC68B7AE7eDA501b406626478e, 0.01162037209952, retail loyalty
Sora, XOR, 444, 0x40FD72257597aA14C7231A7B1aaa29Fce868F677, 246.5470362357208, substrate polkadot polkadot-ecosystem
SUKU, SUKU, 448, 0x0763fdCCF1aE541A5961815C0872A8c5Bc6DE4d7, 0.82276436293641, defi
Rarible, RARI, 449, 0xfca59cd816ab1ead66534d82bc21e7515ce441cf, 18.93231930464072, collectibles-nfts dao coinbase-ventures-portfolio governance coinfund-portfolio
Presearch, PRE, 452, 0xEC213F83defB583af3A000B1c0ada660b1902A0F, 0.2433853029041, platform crowdsourcing search-engine
xDai, STAKE, 459, 0x0Ae055097C6d159879521C384F1D2123D1f195e6, 13.14680132744682, defi exnetwork-capital-portfolio
PARSIQ, PRQ, 461, 0x362bc847A3a9637d3af6624EeC853618a43ed7D2, 0.71736197111338, services ai-big-data defi smart-contracts binance-smart-chain polkadot-ecosystem algorand-ecosystem solana-ecosystem analytics
HUNT, HUNT, 464, 0x9aab071b4129b083b01cb5a0cb513ce7eca26fa5, 0.82343742618328, 
BLOCKv, VEE, 469, 0x340d2bde5eb28c1eed91b2f790723e3b160613b7, 0.02580232704652, media enterprise-solutions collectibles-nfts content-creation
Refereum, RFR, 473, 0xd0929d411954c47438dc1d871dd6081f5c5e149c, 0.01718285091676, media content-creation gaming kinetic-capital
MCDEX Token, MCB, 480, 0x4e352cf164e64adcbad318c3a1e222e9eba4ce42, 45.77493709078351, decentralized-exchange defi derivatives arbitrum-ecosytem mvb
Phantasma, SOUL, 488, 0x79c75e2e8720b39e258f41c37cc4f309e0b0ff80, 0.81377466458233, platform enterprise-solutions distributed-computing collectibles-nfts content-creation filesharing gaming storage
Kleros, PNK, 494, 0x93ed3fbe21207ec2e8f2d3c3de6e058cb73bc04d, 0.133775720182, prediction-markets polygon-ecosystem
BEPRO Network, BEPRO, 506, 0xcf3c8be2e2c42331da80ef210e9b1b307c03d36a, 0.01163370889711, distributed-computing defi gaming dapp
Moss Coin, MOC, 515, 0x865ec58b06bf6305b886793aa20a2da31d034e68, 0.20671054391322, 
BASIC, BASIC, 524, 0xf25c91c87e0b1fd9b4064af0f427157aab0193a7, 0.01184631856945, 
BOSAGORA, BOA, 527, 0x746dda2ea243400d5a63e0700f190ab79f06489e, 0.23600656815652, metaverse
Metronome, MET, 529, 0xa3d58c4e56fedcae3a7c43a725aee9a71f0ece4e, 5.7827246214309, platform defi payments wallet
REVV, REVV, 532, 0x557b933a7c2c45672b610f8954a3deb39a51a8ca, 0.25219393253431, collectibles-nfts gaming entertainment binance-smart-chain play-to-earn
FirmaChain, FCT, 543, 0xe1bad922f84b198a08292fb600319300ae32471b, 0.19816063139996, 
DAD, DAD, 544, 0x5b322514ff727253292637d9054301600c2c81e8, 0.18200973512465, 
Kryll, KRL, 546, 0x464eBE77c293E473B48cFe96dDCf88fcF7bFDAC0, 1.77352406881069, 
Aleph.im, ALEPH, 551, 0x27702a26126e0b3702af63ee09ac4d1a084ef628, 0.50785707872685, mineable cosmos-ecosystem distributed-computing filesharing storage binance-smart-chain polkadot-ecosystem avalanche-ecosystem solana-ecosystem
BTU Protocol, BTU, 553, 0xb683d83a532e2cb7dfa5275eed3698436371cc9f, 0.71779206295395, marketplace enterprise-solutions polygon-ecosystem
Veritaseum, VERI, 555, 0x8f3470A7388c05eE4e7AF3d01D8C722b0FF52374, 29.85485267719952, services
Valobit, VBIT, 558, 0xb8366948b4a3f07bcbf14eb1739daa42a26b07c4, 0.05304280226304, 
BitMart Token, BMX, 561, 0x986EE2B944c42D017F52Af21c4c69B84DBeA35d8, 0.35959966338699, marketplace
MixMarvel, MIX, 566, 0x5d285f735998f36631f678ff41fb56a10a4d0429, 0.0140540528481, mvb
Atari Token, ATRI, 569, 0xdacD69347dE42baBfAEcD09dC88958378780FB62, 0.06836021048332, gambling collectibles-nfts gaming polygon-ecosystem
GNY, GNY, 573, 0xb1f871Ae9462F1b2C6826E88A7827e76f86751d4, 0.30697019470287, platform enterprise-solutions binance-smart-chain
LATOKEN, LA, 576, 0xe50365f5d679cb98a1dd62d6f6e58e59321bcddf, 0.1548767909435, marketplace centralized-exchange payments
VideoCoin, VID, 577, 0x2c9023bbc572ff8dc1228c7858a280046ea8c9e5, 0.3677094130704, media collectibles-nfts content-creation video
DEXTools, DEXT, 582, 0xfb7b4564402e5500db5bb6d63ae671302777c75a, 0.55976127745144, analytics
SparkPoint, SRK, 585, 0x0488401c3f535193fa8df029d9ffe615a06e74e6, 0.00674425185498, binance-smart-chain
Dragonchain, DRGN, 586, 0x419c4db4b9e25d6db2ad9691ccb832c8d9fda05e, 0.15045542826484, platform enterprise-solutions
ZEON, ZEON, 594, 0xe5b826ca2ca02f09c1725e9bd98d9a8874c30532, 0.00176749345427, 
SOLVE, SOLVE, 606, 0x446c9033e7516d820cc9a2ce2d0b7328b579406f, 0.11889006298418, health enterprise-solutions wallet
Moneytoken, IMT, 614, 0x13119e34e140097a507b07a5564bde1bc375d9e6, 0.00435477224042, 
GamerCoin, GHX, 618, 0x728f30fa2f100742c7949d1961804fa8e0b1387d, 0.14815126204053, marketplace gaming
MAP Protocol, MAP, 622, 0x9e976f211daea0d652912ab99b0dc21a7fd728e4, 0.04316304138356, polkadot-ecosystem
DSLA Protocol, DSLA, 625, 0x3affcca64c2a6f4e3b6bd9c64cd2c969efd1ecbe, 0.00860830551774, 
Invictus Hyperion Fund, IHF, 629, 0xaf1250fa68d7decd34fd75de8742bc03b29bd58e, 0.39002105487563, 
AMO Coin, AMO, 635, 0x38c87aa89b2b8cd9b95b736e1fa7b612ea972169, 0.00231975165947, 
CargoX, CXO, 640, 0xb6ee9668771a79be7967ee29a63d4184f8097143, 0.21034320442055, logistics polygon-ecosystem
Poseidon Network, QQQ, 648, 0x2822f6D1B2f41F93f33d937bc7d84A8Dfa4f4C21, 0.01943598376778, 
PlatonCoin, PLTC, 649, 0x429D83Bb0DCB8cdd5311e34680ADC8B12070a07f, 0.48018990162496, 
Darwinia Network, RING, 655, 0x9469d013805bffb7d3debe5e7839237e535ec483, 0.08368649378984, gaming interoperability substrate polkadot-ecosystem
mStable USD, MUSD, 654, 0xe2f2a5c287993345a840db3b0845fbc70f5935a5, 1.01600652362147, defi stablecoin polygon-ecosystem
Huobi Pool Token, HPT, 660, 0xa66daa57432024023db65477ba87d4e7f5f95213, 0.00657131169125, 
Ultiledger, ULT, 662, 0xe884cc2795b9c45beeac0607da9539fd571ccf85, 0.01441963302235, services
GET Protocol, GET, 666, 0x8a854288a5976036a725879164ca3e91d30c6a1b, 3.55473197609917, events collectibles-nfts
Ferrum Network, FRM, 674, 0xe5caef4af8780e59df925470b050fb23c43ca68c, 0.25324270864196, defi
YF Link, YFL, 677, 0x28cb7e841ee97947a86B06fA4090C8451f64c0be, 745.5399367535515, defi dao yield-farming governance
Soda Coin, SOC, 678, 0xcaD49C39B72c37B32cEe8b14F33F316D3a8bC335, 0.02170886041426, 
TE-FOOD, TONE, 679, 0x2ab6bb8408ca3199b8fa6c92d5b455f820af03c4, 0.06714436051595, logistics data-provenance
Aragon Court, ANJ, 681, 0xcD62b1C403fa761BAadFC74C525ce2B51780b184, 0.29647881193679, dao
PIBBLE, PIB, 688, 0x1864ce27e9f7517047933caae530674e8c70b8a7, 0.00203356142768, 
Bitrue Coin, BTR, 690, 0xd433138d12beB9929FF6fd583DC83663eea6Aaa5, 0.28137814776105, marketplace centralized-exchange
The Midas Touch Gold, TMTG, 694, 0x10086399dd8c1e3de736724af52587a2044c9fa2, 0.00413759703861, 
ASTA, ASTA, 699, 0xf2ddae89449b7d26309a5d54614b1fc99c608af5, 0.01973270006767, ethereum
Quiztok, QTCON, 701, 0xa00a4d5786a6e955e9539d01d78bf68f3271c050, 0.01441130389067, 
DxChain Token, DX, 700, 0x973e52691176d36453868D9d86572788d27041A9, 0.00070124015811, ai-big-data payments
CoinLoan, CLT, 707, 0x2001f2a0cf801ecfda622f6c28fb6e10d803d969, 17.63713749885796, 
BABB, BAX, 708, 0x9a0242b7a33dacbe40edb927834f96eb39f8fbcb, 0.00068967112315, platform payments
Bankera, BNK, 709, 0xc80c5e40220172b36adee2c951f26f2a577810c5, 0.00137911279205, marketplace centralized-exchange payments smart-contracts
ERC20, ERC20, 710, 0xc3761eb917cd790b30dad99f6cc5b4ff93c4f9ea, 0.03037548347774, medium-of-exchange collectibles-nfts defi memes payments ethereum yield-farming binance-smart-chain
Sentivate, SNTVT, 705, 0x7865af71cf0b288b4e7f654f4f7851eb46a2b7f8, 0.00962793594505, iot
Bitball Treasure, BTRS, 712, 0x73c9275c3a2dd84b5741fd59aebf102c91eb033f, 75.09397447545567, 
1irstcoin, FST, 713, 0x310c93dfc1c5e34cdf51678103f63c41762089cd, 0.85987732039693, services
Unisocks, SOCKS, 716, 0x23b608675a2b2fb1890d3abbd85c5775c51691d5, 110967.52596253599, collectibles-nfts defi
FREE Coin, FREE, 717, 0x2f141ce366a2462f02cea3d12cf93e4dca49e4fd, 0.0000033573139, payments staking binance-smart-chain
Chrono.tech, TIME, 723, 0x485d17A6f1B8780392d53D64751824253011A260, 45.99816718407179, defi binance-smart-chain
Cardstack, CARD, 722, 0x954b890704693af242613edef1b603825afcd708, 0.01385036816137, 
Student Coin, STC, 731, 0x15b543e986b8c34074dfc9901136d9355a537e7e, 0.00602186771292, 
QASH, QASH, 732, 0x618e75ac90b12c6049ba3b27f5d5f8651b0037f6, 0.09123835156495, marketplace discount-token payments
GameCredits, GAME, 742, 0x63f88a2298a5c4aee3c216aa6d926b184a4b2437, 0.18925650178325, collectibles-nfts gaming metaverse
Santiment Network Token, SAN, 737, 0x7c5a0ce9267ed19b22f8cae653f198e3e8daf098, 0.49951737249778, asset-management ai-big-data crowdsourcing
Juggernaut, JGN, 746, 0x73374ea518de7addd4c2b624c0e8b113955ee041, 0.77779734111417, collectibles-nfts binance-smart-chain
Morpheus Labs, MITX, 752, 0x4a527d8fc13c5203ab24ba0944f4cb14658d1db6, 0.06689166513739, platform enterprise-solutions
BitKan, KAN, 751, 0x1410434b0346f5be678d0fb554e5c7ab620f8f4a, 0.00317551804066, services content-creation
DEAPcoin, DEP, 753, 0x1a3496c18d558bd9c6c8f609e1b129f67ab08163, 0.00810376723553, collectibles-nfts gaming binance-smart-chain play-to-earn
DXdao, DXD, 757, 0xa1d65e8fb6e87b60feccbc582f7f97804b725521, 596.3798414094755, defi dao governance polygon-ecosystem arbitrum-ecosytem
Crypterium, CRPT, 756, 0x08389495D7456E1951ddF7c3a1314A4bfb646d8B, 0.35780538897532, services smart-contracts
BTSE, BTSE, 760, 0x666d875c600aa06ac1cf15641361dec3b00432ef, 6.6769998640184, centralized-exchange
USDK, USDK, 765, 0x1c48f86ae57291f7686349f12601910bd8d470bb, 1.00031691139127, medium-of-exchange stablecoin stablecoin-asset-backed
Niftyx Protocol, SHROOM, 770, 0xed0439eacf4c4965ae4613d77a5c2efe10e5f183, 0.54371827007619, collectibles-nfts defi gaming dao yield-farming governance avalanche-ecosystem
suterusu, SUTER, 793, 0xAA2ce7Ae64066175E0B90497CE7d9c190c315DB4, 0.00682546495727, mineable pos defi privacy binance-smart-chain fantom-ecosystem web3 mvb
FortKnoxster, FKX, 800, 0x16484d73ac08d2355f466d448d2b79d2039f6ebb, 0.16988732979882, 
ELYSIA, EL, 806, 0x2781246fe707bb15cee3e5ea354e2154a2877b16, 0.00817982039606, 
WOM Protocol, WOM, 811, 0xBd356a39BFf2cAda8E9248532DD879147221Cf76, 0.23344512757285, 
NEST Protocol, NEST, 814, 0x04abeda201850ac0124161f037efd70c74ddc74c, 0.01191958248102, defi oracles
Emirex Token, EMRX, 815, 0xbdbC2a5B32F3a5141ACd18C39883066E4daB9774, 0.88225726903169, 
Tokamak Network, TON, 819, 0x2be5e8c109e2197D077D13A82dAead6a9b3433C5, 8.6749787375709, 
SENSO, SENSO, 817, 0xc19b6a4ac7c7cc24459f08984bbd09664af17bd1, 1.9241456052178, metaverse
Switcheo, SWTH, 822, 0xb4371da53140417cbb3362055374b10d97e420bb, 0.01437315019741, cosmos-ecosystem decentralized-exchange defi derivatives binance-smart-chain three-arrows-capital-portfolio defiance-capital
King DAG, KDAG, 827, 0x95e40e065afb3059dcabe4aaf404c1f92756603a, 0.4220248033505, 
CYCLUB, CYCLUB, 828, 0x3b58c52C03ca5Eb619EBa171091c86C34d603e5f, 0.03947837700633, content-creation crowdfunding
Spiking, SPIKE, 830, 0xa7fc5d2453e3f68af0cc1b78bcfee94a1b293650, 0.05115288821624, 
Project WITH, WIKEN, 833, 0xb7e77aebbe0687d2eff24cc90c41a3b6ea74bdab, 0.02646008259691, 
ROOBEE, ROOBEE, 839, 0xa31b1767e09f842ecfd4bc471fe44f830e3891aa, 0.00878330885396, binance-smart-chain
UniLayer, LAYER, 846, 0x0fF6ffcFDa92c53F615a4A75D982f399C989366b, 0.87820186978773, collectibles-nfts decentralized-exchange defi
Arcblock, ABT, 850, 0xb98d4c97425d9908e66e53a6fdf673acca0be986, 0.21869835095425, marketplace interoperability
Aurora, AOA, 853, 0x9ab165d795019b6d8b3e971dda91071421305e5a, 0.00211456411577, platform smart-contracts
Swingby, SWINGBY, 866, 0x8287c7b963b405b7b8d467db9d79eec40625b13a, 0.07331492021238, defi polygon-ecosystem
Dovu, DOV, 870, 0xac3211a5025414af2866ff09c23fc18bc97e79b1, 0.02803249722468, binance-smart-chain
Mysterium, MYST, 871, 0x4Cf89ca06ad997bC732Dc876ed2A7F26a9E7f361, 0.9922576054333, platform distributed-computing
dHedge DAO, DHT, 876, 0xca1207647ff814039530d7d35df0e1dd2e91fa84, 1.01559288199489, decentralized-exchange defi dao three-arrows-capital-portfolio governance framework-ventures alameda-research-portfolio
0Chain, ZCN, 880, 0xb9ef770b6a5e12e45983c5d80545258aa38f3b78, 0.40366176662732, platform ai-big-data distributed-computing filesharing iot storage
PolySwarm, NCT, 883, 0x9e46a38f5daabe8683e10793b06749eef7d733d1, 0.01250897220913, cybersecurity smart-contracts dapp
Smart MFG, MFG, 884, 0x6710c63432a2de02954fc0f851db07146a6c0312, 0.06227170872416, manufacturing logistics enterprise-solutions collectibles-nfts data-provenance defi iot payments smart-contracts
DuckDaoDime, DDIM, 888, 0xfbeea1c75e4c4465cb2fccc9c6d6afe984558e20, 18.36986645013831, launchpad
Electric Vehicle Zone, EVZ, 898, 0x7a939bb714fd2a48ebeb1e495aa9aaa74ba9fa68, 0.0418950382211, 
FOAM, FOAM, 899, 0x4946fcea7c692606e8908002e55a582af44ac121, 0.05847559200114, platform cosmos-ecosystem ai-big-data placeholder-ventures-portfolio
BitForex Token, BF, 907, 0x5b71bee9d961b1b848f8485eec8d8787f80217f5, 0.00414147604553, marketplace centralized-exchange payments
Grid+, GRID, 913, 0x12b19d3e2ccc14da04fae33e63652ce469b3f2fd, 0.44803870332285, energy
Hiveterminal Token, HVN, 921, 0xC0Eb85285d83217CD7c891702bcbC0FC401E2D9D, 0.03350503817461, 
ProBit Token, PROB, 924, 0xfb559ce67ff522ec0b9ba7f5dc9dc7ef6c139803, 0.39607743942509, centralized-exchange
Robonomics.network, XRT, 929, 0x7de91b204c1c737bcee6f000aaa6569cf7061cb7, 15.64210783922561, iot polkadot-ecosystem
Era Swap, ES, 932, 0xef1344bdf80bef3ff4428d8becec3eea4a2cf574, 0.01637277144828, 
Etherisc DIP Token, DIP, 934, 0xc719d010b63e5bbf2c0551872cd5316ed26acd83, 0.08491814357426, insurance
Lympo, LYM, 935, 0xc690f7c7fcffa6a82b79fab7508c466fefdfc8c5, 0.01969224683017, collectibles-nfts
ExNetwork Token, EXNT, 937, 0xD6c67B93a7b248dF608a653d82a100556144c5DA, 0.25742831734367, exnetwork-capital-portfolio
VIDY, VIDY, 941, 0xc77b230f31b517f1ef362e59c173c2be6540b5e8, 0.00163300567641, 
Pickle Finance, PICKLE, 942, 0x429881672B9AE42b8EbA0E26cD9C73711b891Ca5, 9.05572755735031, defi dao yield-farming yield-aggregator yearn-partnerships alameda-research-portfolio arbitrum-ecosytem
Anchor Neural World, ANW, 945, 0x7dbdd9dafdc4c1c03d67925a4f85daa398af32b0, 0.05772493594512, 
Attila, ATT, 946, 0x89Fb927240750c1B15d4743cd58440fc5f14A11C, 0.03527070884703, 
Tixl, TXL, 949, 0x8eEF5a82E6Aa222a60F009ac18c24EE12dBf4b41, 0.23496679622695, binance-smart-chain
Dentacoin, DCN, 950, 0x08d32b0da63e2C3bcF8019c9c5d849d7a9d791e6, 0.00002765875605, health
UpBots, UBXT, 953, 0x8564653879a18C560E7C0Ea0E084c516C62F5653, 0.03998433921869, 
Aventus, AVT, 955, 0x0d88ed6e74bbfd96b831231638b66c05571e824f, 2.59424948989108, events enterprise-solutions loyalty ethereum layer-2
GAMB, GMB, 958, 0xa0008f510fe9ee696e7e320c9e5cbf61e27791ee, 0.0030894645375, 
Decentr, DEC, 963, 0x30f271c9e86d2b7d00a6376cd96a1cfbd5f0b9b3, 0.16226583913388, defi
FairGame, FAIR, 964, 0x9b20dabcec77f6289113e61893f7beefaeb1990a, 0.0156601490208, 
ArdCoin, ARDX, 965, 0xb8e2e2101ed11e9138803cd3e06e16dd19910647, 0.05376343396789, 
Atomic Wallet Coin, AWC, 966, 0xad22f63404f7305e4713ccbd4f296f34770513f4, 1.40343087101632, cosmos-ecosystem
Geeq, GEEQ, 978, 0x6b9f031d718dded0d681c20cb754f97b3bb81b78, 1.4110083477049, logistics collectibles-nfts iot
Circuits of Value, COVAL, 980, 0x3d658390460295fb963f54dc0899cfb1c30776df, 0.01444187744741, collectibles-nfts defi
Tokenomy, TEN, 981, 0xdd16ec0f66e54d453e6756713e533355989040e4, 0.07214851720294, marketplace
mStable Governance Token: Meta (MTA), MTA, 987, 0xa3BeD4E1c75D00fa6f4E5E6922DB7261B5E9AcD2, 0.82284061621967, defi dao yield-aggregator three-arrows-capital-portfolio governance defiance-capital alameda-research-portfolio parafi-capital
Offshift, XFT, 989, 0xabe580e7ee158da464b51ee1a83ac0289622e6be, 3.43820496770396, privacy ethereum binance-smart-chain polkadot-ecosystem
FLETA, FLETA, 991, 0x40897C872214303b6F479a37E549eE1516B264A2, 0.01243591830206, binance-smart-chain
IQeon, IQN, 1002, 0x0db8d8b76bc361bacbb72e2c491e06085a97ab31, 2.40788614687148, gaming entertainment
Sylo, SYLO, 1004, 0xf293d23bf2cdc05411ca0eddd588eb1977e8dcd4, 0.00538837443681, communications-social-media payments wallet polygon-ecosystem
BaaSid, BAAS, 1005, 0x5d929AA919E489505CcAAd8A199619c6DCA0c2de, 0.00261592950931, 
Receive Access Ecosystem, RAE, 1011, 0xE5a3229CCb22b6484594973A03a3851dCd948756, 2.06137820808896, 
Agoras, AGRS, 1015, 0x738865301a9b7dd80dc3666dd48cf034ec42bdda, 0.69821491089746, 
CONTRACOIN, CTCN, 1017, 0xfd6c31bb6f05fc8db64f4b740ab758605c271fd8, 0.28969145061479, 
Nestree, EGG, 1018, 0x65ccd72c0813ce6f2703593b633202a0f3ca6a0c, 0.00569885220216, 
Empty Set Dollar, ESD, 1025, 0x36f3fd68e7325a35eb768f1aedaae9ea0689d723, 0.02749865332556, defi rebase seigniorage
Blocery, BLY, 1026, 0xf8aD7dFe656188A23e89da09506Adf7ad9290D5d, 0.0423922835193, services logistics enterprise-solutions
TenX, PAY, 1029, 0xb97048628db6b661d4c2aa833e95dbe1a905b280, 0.05925019000938, medium-of-exchange fenbushi-capital-portfolio kinetic-capital
OIN Finance, OIN, 1032, 0x9aeB50f542050172359A0e1a25a9933Bc8c01259, 0.36649295394971, avalanche-ecosystem exnetwork-capital-portfolio polygon-ecosystem
Opacity, OPCT, 1033, 0xDb05EA0877A2622883941b939f0bb11d1ac7c400, 0.15001540081611, filesharing storage
apM Coin, APM, 1031, 0xc8c424b91d8ce0137bab4b832b7f7d154156ba6c, 0.03338725353898, 
CyberVein, CVT, 1034, 0xbe428c3867f05dea2a89fc76a102b544eac7f772, 0.01137974714473, 
Burency, BUY, 1038, 0x31fdd1c6607f47c14a2821f599211c67ac20fa96, 0.06083765647727, 
Degenerator Meme, MEME, 1040, 0xd5525d397898e5502075ea5e830d8914f6f0affe, 420.11018142901787, collectibles-nfts yield-farming
Caspian, CSP, 1046, 0xa6446d655a0c34bc4f05042ee88170d056cbaf45, 0.02573007056769, asset-management kinetic-capital
Levolution, LEVL, 1059, 0x09970aec766b6f3223aca9111555e99dc50ff13a, 0.09123060518731, 
All Sports, SOC, 1063, 0x2d0e95bd4795d7ace0da3c0ff7b706a5970eb9d3, 0.00741628149933, sports
Effect Network, EFX, 1067, 0x9b917d94fb0138edf520332f3d45494f1a74bec8, 0.04385802518885, 
TOP, TOP, 1068, 0xdcD85914b8aE28c1E62f1C488E1D968D5aaFfE2b, 0.00200502041035, 
AnimalGo, GOM2, 1071, 0x48783486ddD7fa85ECa6B0C4AE8920Bc25DfbcD7, 0.01134696702048, 
ALLY, ALY, 1075, 0x9d5686eadea7327f5a0c4820dca90457a0e88763, 0.00470577080005, 
HitChain, HIT, 1076, 0x7995ab36bB307Afa6A683C24a25d90Dc1Ea83566, 0.00017576568858, 
TrustVerse, TRV, 1077, 0x72955ecff76e48f2c8abcce11d54e5734d6f3657, 0.01709500910944, 
Databroker, DTX, 1090, 0x765f0c16d1ddc279295c1a7c24b0883f62d33f75, 0.1259500720097, 
PECULIUM, PCL, 1091, 0x0f02e27745e3b6e9e1310d19469e2b5d7b5ec99a, 0.00488217400778, 
Autonio, NIOX, 1093, 0xc813EA5e3b48BEbeedb796ab42A30C5599b01740, 0.10986513242627, asset-management decentralized-exchange defi payments dao polygon-ecosystem
Linker Coin, LNC, 1094, 0x6BEB418Fc6E1958204aC8baddCf109B8E9694966, 0.091868310495, 
BnkToTheFuture, BFT, 1095, 0x01ff50f8b7f74e4f00580d9596cd3d0d6d6e326f, 0.01413555861746, services crowdfunding
Kambria, KAT, 1097, 0x14da230d6726C50F759Bc1838717F8CE6373509C, 0.00470872111268, polygon-ecosystem
LiquidApps, DAPP, 1099, 0x939B462ee3311f8926c047D2B576C389092b1649, 0.01440481208055, platform distributed-computing interoperability smart-contracts
Hakka.Finance, HAKKA, 1101, 0x0e29e5abbb5fd88e28b2d355774e73bd47de3bcd, 0.03236134782005, defi dao binance-smart-chain governance
Anchor, ANCT, 1105, 0x5456bc77dd275c45c3c15f0cf936b763cf57c3b5, 0.7876, 
IoT Chain, ITC, 1103, 0x5e6b6d9abad9093fdc861ea1600eba1b355cd940, 0.115433339199, platform iot smart-contracts
smARTOFGIVING, AOG, 1106, 0x8578530205cecbe5db83f7f29ecfeec860c297c2, 0.13568283580749, 
HyperDAO, HDAO, 1109, 0x74faab6986560fd1140508e4266d8a7b87274ffd, 0.02104148481428, 
Covesting, COV, 1111, 0xada86b1b313d1d5267e3fc0bb303f0a2b66d0ea7, 0.54278959645519, asset-management binance-smart-chain
Realio Network, RIO, 1119, 0xf21661d0d1d76d3ecb8e1b9f1c923dbfffae4097, 1.46388106344496, 
Zap, ZAP, 1124, 0x6781a0f84c7e9e846dcb84a9a5bd49333067b104, 0.04005554630108, defi oracles
IG Gold, IGG, 1126, 0x8ffe40a3d0f80c0ce6b203d5cdc1a6a86d9acaea, 0.00106492909046, 
QuickX Protocol, QCX, 1127, 0xf9e5af7b42d31d51677c75bbbd37c1986ec79aee, 0.01888485153064, 
TFL.io, TFL, 1129, 0xa7f976c360ebbed4465c2855684d1aae5271efa9, 1.50279744378846, gambling
Monolith, TKN, 1132, 0xaaaf91d9b90df800df4f55c205fd6989c977e73a, 0.27644092849415, services defi
SpaceChain, SPC, 1136, 0x86ed939b500e121c0c5f493f399084db596dad20, 0.02972487186615, 
Education Ecosystem, LEDU, 1141, 0xc741f06082aa47f93729070ad0dd95e223bda091, 0.0379521295836, education
Genaro Network, GNX, 1143, 0x6ec8a24cabdc339a06a172f8223ea557055adaa5, 0.0326668165223, mineable platform distributed-computing
MoonSwap, MOON, 1144, 0x68a3637bA6E75c0f66B61A42639c4e9fCD3D4824, 0.30636955185816, yield-farming
AGA Token, AGA, 1145, 0x2d80f5f5328fdcb6eceb7cacf5dd8aedaec94e20, 0.82289275035626, polygon-ecosystem
BOLT, BOLT, 1149, 0xd5930c307d7395ff807f2921f12c5eb82131a789, 0.00884910854138, 
Valor Token, VALOR, 1151, 0x297e4e5e59ad72b1b0a2fd446929e76117be0e0a, 0.43708105963387, asset-management
UnlimitedIP, UIP, 1160, 0x4290563c2d7c255b5eec87f2d3bd10389f991d68, 0.00563269332462, marketplace
YAM V3, YAM, 1159, 0x0aacfbec6a24756c20d41914f2caba817c0d8521, 0.67220502415742, dao insurance yield-farming governance synthetics
Cat Token, CAT, 1162, 0x56015bbe3c01fe05bc30a8a9a9fd9a88917e7db3, 1.29876821042064, collectibles-nfts
AMLT, AMLT, 1164, 0xca0e7269600d353f70b14ad118a49575455c0f2f, 0.02764741081415, 
APIX, APIX, 1170, 0xf51EBf9a26DbC02B13F8B3a9110dac47a4d62D78, 0.06708128711077, 
CWV Chain, CWV, 1175, 0xed494c9e2f8e34e53bdd0ea9b4d80305cb15c5c2, 0.00229955021967, platform payments smart-contracts
CRD Network, CRD, 1174, 0xcaaa93712bdac37f736c323c93d4d5fdefcc31cc, 0.00813890911604, 
ZBG Token, ZT, 1176, 0xfe39e6a32acd2af7955cb3d406ba2b55c901f247, 0.0309107491288, 
Davinci Coin, DAC, 1177, 0xaad54c9f27b876d2538455dda69207279ff673a5, 0.00095556368811, ai-big-data iot
Rotharium, RTH, 1178, 0x3fd8f39a962efda04956981c31ab89fab5fb8bc8, 2.21924157365393, 
Egretia, EGT, 1179, 0x8e1b448ec7adfc7fa35fc2e885678bd323176e34, 0.00191270195135, 
Pillar, PLR, 1181, 0xe3818504c1b32bf1557b16c238b2e01fd3149c17, 0.03092708949459, defi dao wallet governance
CBC.network, CBC, 1183, 0x26DB5439F651CAF491A87d48799dA81F191bDB6b, 0.05104021052721, gambling ethereum binance-smart-chain
CONUN, CON, 1185, 0x4Dd672e77c795844fe3A464eF8eF0FAAe617C8fB, 0.00272806878325, 
HEROcoin, PLAY, 1187, 0xe477292f1b3268687a29376116b0ed27a9c76170, 0.03143946316524, gambling gaming
Airbloc, ABL, 1199, 0xf8b358b3397a8ea5464f8cc753645d42e14b79ea, 0.02981967548038, 
TrueFeedBack, TFBX, 1200, 0x4057db5bd9f67a566aa10e5587b1a964affc6a16, 0.00316591615473, 
Odyssey, OCN, 1209, 0x4092678e4E78230F46A1534C0fbc8fA39780892B, 0.00089992955475, platform sharing-economy
Cryptopay, CPAY, 1210, 0x0ebb614204e47c09b6c3feb9aaecad8ee060e23e, 0.10451453377012, medium-of-exchange
DEXA COIN, DEXA, 1211, 0x725440512cb7b78bf56b334e50e31707418231cb, 0.00028583119449, 
Vidya, VIDYA, 1212, 0x3d3d35bb9bec23b06ca00fe472b50e7a4c692c30, 0.1831480321754, collectibles-nfts gaming
EvidenZ, BCDT, 1214, 0xacfa209fb73bf3dd5bbfb1101b9bc999c49062a5, 0.18199703666246, binance-smart-chain
Abyss, ABYSS, 1221, 0x0e8d6b471e332f140e7d9dbb99e5e3822f728da6, 0.03006267323451, marketplace collectibles-nfts
Jobchain, JOB, 1223, 0xdfbc9050f5b01df53512dcc39b4f2b2bbacd517a, 0.00085829010569, 
SwftCoin, SWFTC, 1226, 0x0bb217E40F8a5Cb79Adf04E1aAb60E5abd0dfC1e, 0.00170047650322, marketplace defi interoperability payments binance-smart-chain
EXMO Coin, EXM, 1227, 0x83869de76b9ad8125e22b857f519f001588c0f62, 0.06334373967642, 
Restart Energy MWAT, MWAT, 1229, 0x6425c6be902d692ae2db752b3c268afadb099d3b, 0.01341542509334, energy
carVertical, CV, 1231, 0x50bc2ecc0bfdf5666640048038c1aba7b7525683, 0.00087480381269, transport data-provenance
Hedget, HGET, 1232, 0x7968bc6a03017ea2de509aaa816f163db0f35148, 3.7835775331495, decentralized-exchange defi derivatives options alameda-research-portfolio exnetwork-capital-portfolio chromia-ecosystem
PumaPay, PMA, 1238, 0x846c66cf71c43f80403b51fe3906b3599d63336f, 0.00020971377955, 
PhoenixDAO, PHNX, 1239, 0x38A2fDc11f526Ddd5a607C1F251C065f40fBF2f7, 0.10410439233302, binance-smart-chain
PLANET, PLA, 1240, 0x307d45afbb7e84f82ef3d251a6bb0f00edf632e4, 0.02884058679101, 
NFT, NFT, 1241, 0xcB8d1260F9c92A3A545d409466280fFdD7AF7042, 0.17559796173919, collectibles-nfts dao governance
NANJCOIN, NANJ, 1246, 0xffe02ee4c69edf1b340fcad64fbd6b37a7b9e265, 0.00033009729976, 
Breezecoin, BRZE, 1248, 0x77c07555af5ffdc946fb47ce15ea68620e4e7170, 0.03532152162331, 
MediShares, MDS, 1249, 0x66186008C1050627F979d464eABb258860563dbE, 0.00483588852019, health
Eminer, EM, 1251, 0x35b08722aa26be119c1608029ccbc976ac5c1082, 0.00435322805816, 
TriumphX, TRIX, 1265, 0x056354F3Ff20743aa4c0DA365603871c7000b081, 0.00226094987639, marketplace platform collectibles-nfts
S4FE, S4F, 1260, 0xaec7d1069e3a914a3eb50f0bfb1796751f2ce48a, 0.00688871559314, platform enterprise-solutions
CoinPoker, CHP, 1266, 0xf3db7560e820834658b590c96234c333cd3d5e5e, 0.02216100045428, gambling
VestChain, VEST, 1267, 0x37f04d2c3ae075fad5483bb918491f656b12bdb6, 0.00154161719279, platform smart-contracts
VeriDocGlobal, VDG, 1269, 0x57C75ECCc8557136D32619a191fBCDc88560d711, 0.00060966823886, 
Tokoin, TOKO, 1271, 0xa0f0546eb5e3ee7e8cfc5da12e5949f3ae622675, 0.03393782034991, 
Spheroid Universe, SPH, 1273, 0xa0cf46eb152656c7090e769916eb44a138aaa406, 0.08841532114045, vr-ar collectibles-nfts metaverse
AAX Token, AAB, 1279, 0x686c650dbcfeaa75d09b883621ad810f5952bd5d, 0.78751511047757, 
CACHE Gold, CGT, 1281, 0xf5238462e7235c7b62811567e63dd17d12c2eaa0, 57.77126730664897, 
SIRIN LABS Token, SRN, 1289, 0x68d57c9a1c35f63e2c83ee8e49a64e9d70528d25, 0.01118253778141, platform distributed-computing
Pawtocol, UPI, 1290, 0x70d2b7c19352bb76e4409858ff5746e500f2b67c, 0.02127014888871, 
Bibox Token, BIX, 1291, 0xb3104b4b9da82025e8b9f8fb28b3553ce2f67069, 0.06402833887463, marketplace centralized-exchange discount-token algorand-ecosystem
Krios, GIG, 1297, 0x838d8e11B160deC88Fe62BF0f743FB7000941e13, 0.01075350110766, 
LinkEye, LET, 1304, 0xfa3118b34522580c35ae27f6cf52da1dbb756288, 0.00586436355701, 
ASKO, ASKO, 1305, 0xeEEE2a622330E6d2036691e983DEe87330588603, 0.0403397686009, 
Internxt, INXT, 1306, 0xa8006c4ca56f24d6836727d106349320db7fef82, 8.35984481591432, distributed-computing filesharing iot storage
0xBitcoin, 0xBTC, 1309, 0xb6ed7644c69416d67b522e20bc294a9a9b405b31, 0.9088632008288, mineable
Howdoo, UDOO, 1315, 0x12f649a9e821f90bb143089a6e56846945892ffb, 0.01064476962307, 
Golff, GOF, 1317, 0x488E0369f9BC5C40C002eA7c1fe4fd01A198801c, 0.50044971888201, yield-aggregator heco-ecosystem
Fuse Network, FUSE, 1319, 0x970b9bb2c0444f5e81e9d0efb84c8ccdcdcaf84d, 0.0905637924361, binance-smart-chain
Xfinance, XFI, 1323, 0x5BEfBB272290dD5b8521D4a938f6c4757742c430, 102.98937577545837, 
1World, 1WO, 1342, 0xfdbc1adc26f0f8f8606a5d63b7d3a3cd21c22b23, 0.12394602230007, algorand-ecosystem
Lendingblock, LND, 1344, 0x0947b0e6d821378805c9598291385ce7c791a6b2, 0.00577747633137, 
Mobilian Coin, MBN, 1346, 0xaf80951201a0eff85a0fd3adf4c7043db856d3e6, 0.03214289725228, 
Ruff, RUFF, 1348, 0xf278c1ca969095ffddded020290cf8b5c424ace2, 0.00462216137992, platform iot
EXRNchain, EXRN, 1349, 0xe469c4473af82217b30cf17b10bcdb6c8c796e75, 0.00004895300682, platform interoperability smart-contracts
Endor Protocol, EDR, 1351, 0xc528c28fec0a90c083328bc45f587ee215760a0f, 0.00307936716138, 
hybrix, HY, 1354, 0x9b53e429b0badd98ef7f01f03702986c516a5715, 1.97246527849704, decentralized-exchange binance-smart-chain
DATA, DTA, 1361, 0x69b148395ce0015c13e36bffbad63f49ef874e03, 0.00038038054682, marketing cosmos-ecosystem ai-big-data
Auctus, AUC, 1362, 0xc12d099be31567add4e4e4d0d45691c3f58f5663, 0.07643282665228, defi derivatives options
Props Token, PROPS, 1365, 0x6fe56c0bcdd471359019fcbc48863d6c3e9d4f41, 0.01172382501489, social-money algorand-ecosystem polygon-ecosystem
Fatcoin, FAT, 1367, 0x2ec95b8eda549b79a1248335a39d299d00ed314c, 0.03858586253951, marketplace payments
DiFy.Finance, YFIII, 1369, 0x4be40bc9681d0a7c24a99b4c92f85b9053fc2a45, 544.436443122459, defi yield-farming
Kcash, KCASH, 1372, 0x32d74896f05204d1b6ae7b0a3cebd7fc0cd8f9c7, 0.00951582694469, services wallet
AXPR, AXPR, 1375, 0xdD0020B1D5Ba47A54E2EB16800D73Beb6546f91A, 0.01497162745123, platform enterprise-solutions
Innovation Blockchain Payment, IBP, 1377, 0x7D14b842630cbc2530cB288109E5719e0C4d67d7, 0.02219932721404, 
U Network, UUU, 1384, 0x3543638ed4a9006e4840b105944271bcea15605d, 0.00041006363416, media content-creation smart-contracts
XMax, XMX, 1382, 0x0f8c45b896784a1e408526b9300519ef8660209c, 0.00030641125932, media content-creation gaming
Elamachain, ELAMA, 1387, 0xfb444c1f2b718ddfc385cb8fd9f2d1d776b24668, 0.00465030794478, 
DMM: Governance, DMG, 1389, 0xEd91879919B71bB6905f23af0A68d231EcF87b14, 0.07988574188182, asset-management defi dao governance
Add.xyz, ADD, 1391, 0x635d081fD8F6670135D8a3640E2cF78220787d56, 0.64783576755693, decentralized-exchange defi
Pluton, PLU, 1395, 0xd8912c10681d8b21fd3742244f44658dba12264e, 4.57407984982377, services payments
SmartMesh, SMT, 1397, 0x55f93985431fc9304077687a35a1ba103dc1e081, 0.00290296623363, iot
SunContract, SNC, 1400, 0xF4134146AF2d511Dd5EA8cDB1C4AC88C57D60404, 0.03089274611034, energy
Neurotoken, NTK, 1410, 0x69beab403438253f13b6e92db91f7fb849258263, 0.04669619214578, platform ai-big-data distributed-computing
Unitrade, TRADE, 1408, 0x6f87d756daf0503d08eb8993686c7fc01dc44fb1, 0.1292791914579, defi
Digix Gold Token, DGX, 1412, 0x4f3afec4e5a3f2a6a1a411def7d7dfe50ee057bf, 48.88504799795558, store-of-value stablecoin stablecoin-asset-backed dao substrate polkadot
Inex Project, INEX, 1418, 0xa2d77f8353cb2afd709aba4a967257511ecff716, 0.00033009729976, 
Darwinia Commitment Token, KTON, 1420, 0x9f284e1337a815fe77d2ff4ae46544645b20c5ff, 86.36683300506517, 
NaPoleonX, NPX, 1421, 0x28b5e12cce51f15594b0b91d5b5adaa70f684a02, 0.14005603909709, asset-management smart-contracts
adbank, ADB, 1433, 0x2baac9330cf9ac479d819195794d79ad0c7616e3, 0.00401909247578, marketing
Litex, LXT, 1428, 0xbc46d9961a3932f7d6b64abfdec80c1816c4b835, 0.00175013897571, 
YFDAI.FINANCE, YF-DAI, 1430, 0xf4CD3d3Fda8d7Fd6C5a500203e38640A70Bf9577, 877.2075640705316, defi dao yield-farming governance
Isiklar Coin, ISIKC, 1431, 0x42726d074BBa68Ccc15200442B72Afa2D495A783, 0.84650197928066, 
DAEX, DAX, 1444, 0x0b4bdc478791897274652dc15ef5c135cae61e60, 0.00967711397616, decentralized-exchange
Ethverse, ETHV, 1448, 0xeeeeeeeee2af8d0e1940679860398308e0ef24d6, 0.4301731204842, collectibles-nfts metaverse
STATERA, STA, 1451, 0xa7DE087329BFcda5639247F96140f9DAbe3DeED1, 0.04177943998447, 
Cred, LBA, 1453, 0xfe5f141bf94fe84bc28ded0ab966c16b17490657, 0.00338202565188, payments binance-labs-portfolio
BOOM, BOOM, 1455, 0xdb7eab9ba6be88b869f738f6deeba96d49fe13fd, 0.00427497064194, 
Xensor, XSR, 1458, 0x6bC1F3A1ae56231DbB64d3E82E070857EAe86045, 0.00071535714616, iot
Dev Protocol, DEV, 1461, 0x5caf454ba92e6f2c929df14667ee360ed9fd5b26, 2.92480432177165, staking social-token
DAOstack, GEN, 1465, 0x543ff227f64aa17ea132bf9886cab5db55dcaddf, 0.06584859724344, platform dao
Swace, SWACE, 1467, 0x03b155af3f4459193a276395dd76e357bb472da1, 0.00625774120673, 
ZUM TOKEN, ZUM, 1471, 0xe0b9bcd54bf8a730ea5d3f1ffce0885e911a502c, 0.00022581137042, ethereum binance-smart-chain
Neural Protocol, NRP, 1474, 0x3918c42f14f2eb1168365f911f63e540e5a306b5, 0.00033009729976, 
Cryptaur, CPT, 1479, 0x88d50B466BE55222019D71F9E8fAe17f5f45FCA1, 0.00022877599141, 
Merculet, MVP, 1481, 0x8a77e40936bbc27e80e9a3f526368c967869c86d, 0.00069861591631, 
Indorse Token, IND, 1482, 0xf8e386eda857484f5a12e4b5daa9984e06e73705, 0.08078074090204, iot
Vetri, VLD, 1483, 0x922ac473a3cc241fd3a0049ed14536452d58d73c, 0.00816524797443, 
Global Social Chain, GSC, 1487, 0x228ba514309ffdf03a81a205a6d040e429d6e80c, 0.00514677733266, 
Link Machine Learning, LML, 1484, 0x25b6325f5bb1c1e03cfbc3e53f470e1f1ca022e3, 0.02506272138139, 
FintruX Network, FTX, 1486, 0xd559f20296FF4895da39b5bd9ADd54b442596a61, 0.03160480015201, 
EDUCare, EKT, 1489, 0x4ecdb6385f3db3847f9c4a9bf3f9917bb27a5452, 0.00410982541627, education smart-contracts
Digitex, DGTX, 1501, 0xc666081073e8dff8d3d1c2292a29ae1a2153ec09, 0.00309103052244, asset-management centralized-exchange derivatives
Lead Wallet, LEAD, 1496, 0x1dd80016e3d4ae146ee2ebb484e8edd92dacc4ce, 0.00575933516268, binance-smart-chain
Q DAO Governance token v1.0, QDAO, 1498, 0x3166c570935a7d8554c8f4ea792ff965d2efe1f2, 10.97869186439337, binance-smart-chain
SynchroBitcoin, SNB, 1499, 0x179e31fb25e433441a2839389a7b8ec9c4654b7b, 0.03636288152295, 
Cappasity, CAPP, 1503, 0x11613b1f840bb5A40F8866d857e24DA126B79D73, 0.0043240519299, vr-ar entertainment
Open Platform, OPEN, 1507, 0x9d86b1b2554ec410eccffbf111a6994910111340, 0.00267403968087, 
DOS Network, DOS, 1505, 0x0A913beaD80F321E7Ac35285Ee10d9d922659cB7, 0.02091700698708, oracles binance-smart-chain
Aluna.Social, ALN, 1506, 0x8185bc4757572da2a610f887561c32298f1a5748, 0.07952758585583, dao-maker
Swarm, SWM, 1508, 0x3505f494c3f0fed0b594e01fa41dd3967645ca39, 0.03629026613639, asset-management crowdfunding
CHADS VC, CHADS, 1511, 0x69692D3345010a207b759a7D1af6fc7F38b35c5E, 0.06030341592538, collectibles-nfts polkadot-ecosystem
QuadrantProtocol, EQUAD, 1512, 0xc28e931814725bbeb9e670676fabbcb694fe7df2, 0.00675014076789, binance-smart-chain
WinStars.live, WNL, 1513, 0xcfbf70e33d5163e25b0dad73955c1bd9e8cd8ba2, 0.14799525050755, gambling
Iconic Token, ICNQ, 1515, 0xb3e2cb7cccfe139f8ff84013823bf22da6b6390a, 0.28113329226198, 
Tripio, TRIO, 1516, 0x8b40761142b9aa6dc8964e61d0585995425c3d94, 0.0007420739548, hospitality
Essentia, ESS, 1518, 0xfc05987bd2be489ACCF0f509E44B0145d68240f7, 0.00194804393016, masternodes
Waifu Token, WAIF, 1526, 0xb2279b6769cfba691416f00609b16244c0cf4b20, 0.00453253912341, collectibles-nfts
RigoBlock, GRG, 1528, 0x4fbb350052bca5417566f188eb2ebce5b19bc964, 0.98990603189205, asset-management defi dao yield-farming governance
Seele-N, SEELE, 1534, 0xb1e93236ab6073fdac58ada5564897177d4bcc43, 0.00373923023415, platform ai-big-data
Edgeless, EDG, 1535, 0x08711d3b02c8758f2fb3ab4e80228418a7f8e39c, 0.02138397662494, gambling coinbase-ventures-portfolio framework-ventures hashkey-capital-portfolio ledgerprime-portfolio
AICHAIN, AIT, 1538, 0x79650799e7899a802cb96c0bc33a6a8d4ce4936c, 0.00482801132657, 
Evedo, EVED, 1542, 0x5aaefe84e0fb3dd1f0fcff6fa7468124986b91bd, 0.17567317491335, 
DragonVein, DVC, 1545, 0x00d46727c2E4A6E358A8c0D638137a3d91B19BE6, 0.0042006382943, 
EOS TRUST, EOST, 1549, 0x87210f1d3422ba75b6c40c63c78d79324dabcd55, 0.00033009729976, 
Flixxo, FLIXX, 1550, 0xf04a8ac553fcedb5ba99a64799155826c136b0be, 0.02937835535963, media entertainment video
Falcon Project, FNT, 1552, 0xdc5864ede28bd4405aa04d93e05a0531797d9d59, 0.0006217217822, 
YOU COIN, YOU, 1553, 0x34364BEe11607b1963d66BCA665FDE93fCA666a8, 0.00440264513498, marketplace content-creation
Faceter, FACE, 1558, 0x1ccaa0f2a7210d76e1fdec740d5f323e2e1b1672, 0.00521498248817, 
Blockchain Cuties Universe Governance, BCUG, 1559, 0x14da7b27b2e0fedefe0a664118b0c9bc68e2e9af, 1.76242230828015, collectibles-nfts polkastarter
PIXEL, PXL, 1561, 0xf88951d7b676798705fd3a362ba5b1dbca2b233b, 0.00431538164988, 
DOC.COM, MTC, 1565, 0x905E337c6c8645263D3521205Aa37bf4d034e745, 0.0030824154642, health marketplace ai-big-data payments
Falconswap, FSW, 1569, 0xfffffffff15abf397da76f1dcc1a1604f45126db, 0.06266226234587, decentralized-exchange dex exnetwork-capital-portfolio
Blackmoon, BMC, 1572, 0xdf6ef343350780bf8c3410bf062e0c015b1dd671, 0.04317465503275, services
YEE, YEE, 1573, 0x922105fad8153f516bcfb829f56dc097a0e1d705, 0.00170324452544, 
Origin Sport, ORS, 1584, 0xeb9a4b185816c354db92db09cc3b50be60b901b6, 0.0074229510271, 
PlayFuel, PLF, 1585, 0xaDA62f7CCd6af6cAcff04ACCBC4f56f3D4FFd4Ef, 0.00441809069927, 
Patron, PAT, 1587, 0xF3b3Cad094B89392fcE5faFD40bC03b80F2Bc624, 0.0055057857593, 
CryptoFranc, XCHF, 1588, 0xb4272071ecadd69d933adcd19ca99fe80664fc08, 1.0836908030056, store-of-value stablecoin
BIKI, BIKI, 1590, 0x70debcdab2ef20be3d1dbff6a845e9ccb6e46930, 0.00880352245753, algorand-ecosystem
Scry.info, DDD, 1595, 0x9F5F3CFD7a32700C93F971637407ff17b91c7342, 0.00481423152859, platform ai-big-data smart-contracts
ContentBox, BOX, 1604, 0x63f584fa56e60e4d0fe8802b27c7e6e3b33e007f, 0.00120216931059, 
Antiample, XAMP, 1612, 0xf911a7ec46a2c6fa49193212fe4a2a9b95851c27, 0.00437130876319, yield-farming rebase
PayPie, PPP, 1613, 0xc42209aCcC14029c1012fB5680D95fBd6036E2a0, 0.02465932371359, marketplace smart-contracts
AMATEN, AMA, 1614, 0x2509ee05b8df07ec75046e24bbf1cfcdb8b2a183, 0.26483528644263, 
CoTrader, COT, 1616, 0x5c872500c00565505f3624ab435c222e558e9ff8, 0.00010498843523, binance-smart-chain
Multiplier, MXX, 1617, 0x8a6f3bf52a26a21531514e23016eeae8ba7e7018, 0.01398381107231, 
Jarvis Network, JRT, 1619, 0x8a9c67fee641579deba04928c4bc45f66e26343a, 0.06721458229643, defi derivatives synthetics
Skrumble Network, SKM, 1620, 0x048fe49be32adfc9ed68c37d32b5ec9df17b3603, 0.00190574136816, 
SHPING, SHPING, 1622, 0x7c84e62859d0715eb77d1b1c4154ecd6abb21bec, 0.00114095032699, 
Medicalchain, MTN, 1628, 0x41dbecc1cdc5517c6f76f6a6e836adbee2754de3, 0.00582802294292, health
TOKPIE, TKP, 1633, 0xd31695a1d35e489252ce57b129fd4b1b05e6acac, 0.06477816370868, binance-smart-chain
Amon, AMN, 1625, 0x737f98ac8ca59f2c68ad658e3c3d8c8963e40a4c, 0.00259938044727, 
RealTract, RET, 1634, 0xd7394087e1dbbe477fe4f1cf373b9ac9459565ff, 0.00017419088962, platform smart-contracts
Xaurum, XAUR, 1635, 0x4DF812F6064def1e5e029f1ca858777CC98D2D81, 0.02589231113511, asset-management stablecoin stablecoin-asset-backed
Hashgard, GARD, 1643, 0x5c64031c62061865e5fd0f53d3cdaef80f72e99d, 0.00018030011893, cosmos-ecosystem
UGAS, UGAS, 1644, 0x8716fc5da009d3a208f0178b637a50f4ef42400f, 0.01049203990596, platform distributed-computing
AidCoin, AID, 1648, 0x37e8789bb9996cac9156cd5f5fd32599e6b91289, 0.04217392846618, philanthropy
Decentralized Vulnerability Platform, DVP, 1649, 0x8e30ea2329d95802fd804f4291220b0e2f579812, 0.00343471489955, 
4THPILLAR TECHNOLOGIES, FOUR, 1650, 0x4730fb1463a6f1f44aeb45f6c5c422427f37f4d0, 0.01411542050334, 
GeoDB, GEO, 1655, 0x147faf8de9d8d8daae129b187f0d02d819126750, 0.04801328201737, binance-smart-chain
Vid, VI, 1656, 0x8b6c3b7C01D9dB4393f9aa734750F36df1543E9A, 0.06917346162176, social-money
MobileGo, MGO, 1657, 0x40395044Ac3c0C57051906dA938B54BD6557F212, 0.01745393889081, media gaming entertainment
Kuai Token, KT, 1659, 0x26DDF6CabADcBF4F013841BD8d914830BeB0d984, 0.15173291586672, 
Ubex, UBEX, 1661, 0x6704b673c70de9bf74c8fba4b4bd748f0e2190e1, 0.00052247794805, 
Coin Artist, COIN, 1662, 0x87b008E57F640D94Ee44Fd893F0323AF933F9195, 1.58699772364951, collectibles-nfts dao yield-farming social-money governance
Patientory, PTOY, 1667, 0x8ae4bf2c33a8e667de34b54938b0ccd03eb8cc06, 0.02439175393334, health data-provenance
X8X Token, X8X, 1671, 0x910dfc18d6ea3d6a7124a6f8b5458f281060fa4c, 0.02046118337067, 
Parachute, PAR, 1673, 0x1beef31946fbbb40b877a72e4ae04a8d1a5cee06, 0.00273518458095, payments staking dao wallet
Zloadr, ZDR, 1675, 0xbdfa65533074b0b23ebc18c7190be79fa74b30c2, 0.30642897870824, marketplace platform centralized-exchange payments research staking
Humaniq, HMQ, 1676, 0xcbcc0f036ed4788f63fc0fee32873d6a7487b908, 0.00889878823466, asset-management
Remme, REM, 1677, 0x83984d6142934bb535793a82adb0a46ef0f66b6d, 0.00165154240857, cybersecurity identity
PANTHEON X, XPN, 1690, 0x3b9e094d56103611f0acefdab43182347ba60df4, 0.00325122509809, 
LINKA, LINKA, 1694, 0x578b49c45961f98d8df92854b53f1641af0a5036, 0.00230158350495, 
Perth Mint Gold Token, PMGT, 1697, 0xaffcdd96531bcd66faed95fc61e443d08f79efef, 1794.93041764357, 
BOMB, BOMB, 1704, 0x1C95b093d6C236d3EF7c796fE33f9CC6b8606714, 1.7339410434787, 
Bezant, BZNT, 1707, 0xe1aee98495365fc179699c1bb3e761fa716bee62, 0.0017708272653, 
BitBall, BTB, 1709, 0x06e0feb0d74106c7ada8497754074d222ec6bcdf, 0.00237705319108, 
BOX Token, BOX, 1713, 0xe1A178B681BD05964d3e3Ed33AE731577d9d96dD, 0.0150109920789, 
Tolar, TOL, 1714, 0xd07d9fe2d2cc067015e2b4917d24933804f42cfa, 0.00696765132014, 
iEthereum, IETH, 1716, 0x859a9c0b44cb7066d956a958b0b82e54c9e44b4b, 0.08216298880439, 
Dragon Coins, DRG, 1719, 0x814f67fa286f7572b041d041b1d99b432c9155ee, 0.00422379992869, media payments
ParkinGo, GOT, 1721, 0x613fa2a6e6daa70c659060e86ba1443d2679c9d7, 0.07284683308313, 
BitScreener Token, BITX, 1722, 0xff2b3353c3015e9f1fbf95b9bda23f58aa7ce007, 0.01676153006659, 
Upfiring, UFR, 1724, 0xea097a2b1db00627b2fa17460ad260c016016977, 0.06053929650359, media distributed-computing filesharing
Hydro, HYDRO, 1735, 0x946112efab61c3636cbd52de2e1392d7a75a6f01, 0.01910149870603, platform decentralized-exchange defi smart-contracts yield-farming amm binance-smart-chain dex
FlypMe, FYP, 1739, 0x8f0921f30555624143d427b340b1156914882c10, 0.07870264092616, marketplace wallet
Jarvis+, JAR, 1749, 0xa249de6948022783765fee4850d7b85e43118fcc, 0.01252403036542, 
LocalCoinSwap, LCS, 1752, 0xaa19961b6b858d9f18a115f25aa1d98abc1fdba8, 0.02653343231583, polkadot-ecosystem
XcelToken Plus, XLAB, 1755, 0x8c4e7f814d40f8929f9112c5d09016f923d34472, 0.00005685232487, medium-of-exchange tourism
Xiotri, XIOT, 1759, 0x31024a4c3e9aeeb256b825790f5cb7ac645e7cd5, 299.67504036709965, 
Starbase, STAR, 1762, 0xf70a642bd387f94380ffb90451c2c81d4eb82cbc, 0.00701342452952, 
QChi, QCH, 1763, 0x687bfc3e73f6af55f0ccca8450114d107e781a0e, 0.04010745233428, 
Posscoin, POSS, 1764, 0x6b193e107a773967bd821bcf8218f3548cfa2503, 0.0000435477224, 
Acute Angle Cloud, AAC, 1767, 0xe75ad3aab14e4b0df8c5da4286608dabb21bd864, 0.00520041162553, 
Bitgear, GEAR, 1768, 0x1b980e05943dE3dB3a459C72325338d327B6F5a9, 0.01834133872004, 
Aigang, AIX, 1776, 0x1063ce524265d5a3a624f4914acd573dd89ce988, 0.04419622553438, 
Primas, PST, 1769, 0x5d4abc77b8405ad177d8ac6682d584ecbfd46cec, 0.02450918236862, media content-creation
Sharder, SS, 1771, 0xbbff862d906e348e9946bfb2132ecb157da3d4b4, 0.00452704766008, distributed-computing filesharing storage
Ducato Protocol Token, DUCATO, 1774, 0xa117ea1c0c85CEf648df2b6f40e50bb5475C228d, 0.99839691712215, 
Pylon Finance, PYLON, 1778, 0xD7B7d3C0bdA57723Fb54ab95Fd8F9EA033AF37f2, 86.53557958613747, yield-farming
BonusCloud, BXC, 1782, 0xdeCF7Be29F8832E9C2Ddf0388c9778B8Ba76af43, 0.00039804133557, 
DMarket, DMT, 1786, 0x2ccbff3a042c68716ed2a2cb0c544a9f1d1935e1, 0.02181766471393, marketplace collectibles-nfts entertainment payments
eosDAC, EOSDAC, 1789, 0x7e9e431a0b8c4d532c745b1043c7fa29a48d4fba, 0.00185680880368, 
Delphy, DPY, 1790, 0x6c2adc2073994fb2ccc5032cc2906fa221e9b391, 0.01968943855919, gambling
Minereum, MNE, 1792, 0x426ca1ea2406c07d75db9585f22781c096e3d0e0, 0.08852163271717, 
Fera, FERA, 1800, 0x539f3615c1dbafa0d008d87504667458acbd16fa, 0.00635842427763, 
VNT Chain, VNT, 1804, 0x69d2779533a4d2c780639713558b2cc98c46a9b7, 0.0004311689013, 
Content Neutrality Network, CNN, 1808, 0x8713d26637cf49e1b6b4a7ce57106aabc9325343, 0.0000297246149, 
Axis DeFi, AXIS, 1807, 0xecc0f1f860a82ab3b442382d93853c02d6384389, 0.55095588799897, 
Bob's Repair, BOB, 1810, 0xdf347911910b6c9a4286ba8e2ee5ea4a39eb2134, 0.00623554911216, 
Snetwork, SNET, 1813, 0xff19138b039d938db46bdda0067dc4ba132ec71c, 0.00486707538228, 
Donut, DONUT, 1812, 0xc0f9bd5fa5698b6505f643900ffa515ea5df54a9, 0.00948897266169, loyalty social-token
Nuggets, NUG, 1817, 0x245ef47d4d0505ecf3ac463f4d81f41ade8f1fd1, 0.00065321583606, 
Omnitude, ECOM, 1818, 0x171d750d42d661b62c277a6b486adb82348c3eca, 0.0173689496486, platform enterprise-solutions
AmonD, AMON, 1819, 0x00059ae69c1622a7542edc15e8d17b060fe307b6, 0.00134553837561, payments
Blue Protocol, BLUE, 1820, 0x539efe69bcdd21a83efd9122571a64cc25e0282b, 0.03043985796055, platform wallet
NeuroChain, NCC, 1822, 0x5d48f293baed247a2d0189058ba37aa238bd4725, 0.00244127304765, 
Fountain, FTN, 1823, 0x56325d180ec3878a9028afc7b0edcee7486cc9df, 0.01243757461295, 
Blue Whale EXchange, BWX, 1826, 0xce5114d7fa8361f0c088ee26fa3a5446c4a1f50b, 0.02773262832528, marketplace sharing-economy smart-contracts
Eden, EDN, 1828, 0x89020f0d5c5af4f3407eb5fe185416c457b0e93e, 0.0018084938178, 
PHI Token, PHI, 1830, 0x13c2fab6354d3790d8ece4f0f1a3280b4a25ad96, 0.18551950679639, 
DAV Coin, DAV, 1839, 0xd82df0abd3f51425eb15ef7580fda55727875f14, 0.00148062580395, 
Maincoin, MNC, 1843, 0x9f0f1be08591ab7d990faf910b38ed5d60e4d5bf, 0.00270563071306, 
CoinFi, COFI, 1844, 0x3136ef851592acf49ca4c825131e364170fa32b3, 0.00471598850255, asset-management crowdsourcing research
Datum, DAT, 1845, 0x81c9151de0c8bafcd325a57e3db5a5df1cebf79c, 0.00069002277396, marketplace ai-big-data iot
8X8 PROTOCOL, EXE, 1849, 0x412d397ddca07d753e3e0c61e367fb1b474b3e7d, 0.00319692193373, 
Catex Token, CATT, 1851, 0x6e605c269e0c92e70beeb85486f1fc550f9380bd, 0.00128901245262, binance-smart-chain
MenaPay, MPAY, 1852, 0x3810a4ddf41e586fa0dba1463a7951b748cecfca, 0.0073297459424, 
2key.network, 2KEY, 1856, 0xe48972fcd82a274411c01834e2f031d4377fa2c0, 0.01229105587257, dao-maker
Naka Bodhi Token, NBOT, 1858, 0x09Ccd2DA5dCDd0510268d4979e792381337138b8, 0.01358418591835, 
DoYourTip, DYT, 1859, 0x740623d2c797b7D8D1EcB98e9b4Afcf99Ec31E14, 0.65300308952937, binance-smart-chain
MAX Exchange Token, MAX, 1861, 0xe7976c4Efc60d9f4C200Cc1bCEF1A1e3B02c73e7, 0.41315007798992, centralized-exchange
Coinsbit Token, CNB, 1866, 0xC538143202f3b11382D8606aae90a96b042a19DB, 0.00070224306179, 
OLXA, OLXA, 1869, 0x5925f67d2767d937f47141dac24166b469558222, 0.00067830130114, 
Niobium Coin, NBC, 1871, 0x9f195617fa8fbad9540c5d113a99a0a0172aaedc, 0.01461535116432, 
AstroTools, ASTRO, 1873, 0xcbd55d4ffc43467142761a764763652b48b969ff, 0.30290614034028, analytics
Heart Number, HTN, 1878, 0x4b4b1d389d4f4e082b30f75c6319c0ce5acbd619, 0.0004076731178, 
Sakura Bloom, SKB, 1881, 0x4af328c52921706dcb739f25786210499169afe6, 0.00034829153385, 
TigerCash, TCH, 1882, 0x9b39a0b97319a9bd5fed217c1db7b030453bac91, 0.01605559888795, centralized-exchange
Beaxy, BXY, 1883, 0x827d53c8170af52625f414bde00326fc8a085e86, 0.00308323438557, 
Electrify.Asia, ELEC, 1889, 0xd49ff13661451313ca1553fd6954bd1d9b6e02b9, 0.00167785353705, energy
BitDegree, BDG, 1892, 0x1961b3331969ed52770751fc718ef530838b6dee, 0.00229711338202, education
FansTime, FTI, 1893, 0x943ed852dadb5c3938ecdc6883718df8142de4c8, 0.00030829672883, 
BlitzPick, XBP, 1894, 0x28dee01d53fed0edf5f6e310bf8ef9311513ae40, 0.00226801792984, 
BitCapitalVendor, BCV, 1895, 0x1014613e2b3cbc4d575054d4982e580d9b99d7b1, 0.00084780884868, asset-management
BarterTrade, BART, 1897, 0x54c9ea2e9c9e8ed865db4a4ce6711c2a0d5063ba, 0.01261559535642, 
Dether, DTH, 1899, 0x5adc961d6ac3f7062d2ea45fefb8d8167d44b190, 0.0085790225623, marketplace mobile payments ethereum binance-smart-chain
Azbit, AZ, 1902, 0xaaaaaaaba2ea3daab0a6c05f1b962c78c9836d99, 0.00001026408053, 
OneRoot Network, RNT, 1903, 0xff603f43946a3a28df5e6a73172555d8c8b02386, 0.0029889850056, platform enterprise-solutions
QUINADS, QUIN, 1904, 0x86e44543164d9b97b14ef7f6f3ab7ba670cab346, 0.00006379741332, 
CryptoSoul, SOUL, 1905, 0xbb1f24c0c1554b9990222f036b0aad6ee4caec29, 0.00266506706549, 
TouchCon, TOC, 1907, 0xE02784175C3BE0DEa7CC0F284041b64503639E66, 0.00801058674115, 
VikkyToken, VIKKY, 1908, 0xd2946be786f35c3cc402c29b323647abda799071, 0.0002243601557, 
yTSLA Finance, yTSLA, 1909, 0x5322a3556f979ce2180b30e689a9436fddcb1021, 12.5682775744882, 
DATx, DATX, 1915, 0xabbbb6447b68ffd6141da77c18c7b5876ed6c5ab, 0.00058449972063, marketing ai-big-data
WeTrust, TRST, 1919, 0xcb94be6f13a1182e4a4b6140cb7bf2025d28e41b, 0.0088057174052, platform smart-contracts
Sharpay, S, 1920, 0x96b0bf939d9460095c15251f71fda11e41dcbddb, 0.00065321583606, 
IXT, IXT, 1921, 0xfca47962d45adfdfd1ab2d972315db4ce7ccf094, 0.02261156754812, 
IHT Real Estate Protocol, IHT, 1926, 0xEda8B016efA8b1161208Cf041cD86972eeE0F31E, 0.00081236676876, real-estate
Libertas Token, LIBERTAS, 1931, 0x49184e6dae8c8ecd89d8bdc1b950c597b8167c90, 0.00844480745418, 
TON Token, TON, 1930, 0x6a6c2ada3ce053561c2fbc3ee211f23d9b8c520a, 0.01771148125895, 
0xcert, ZXC, 1936, 0x83e2be8d114f9661221384b3a50d24b96a5653f5, 0.00227587778654, collectibles-nfts
DOGEFI, DOGEFI, 1941, 0x9b9087756eca997c5d595c840263001c9a26646d, 0.77531021643033, memes doggone-doggerel
Banca, BANCA, 1947, 0x998b3b82bc9dba173990be7afb772788b5acb8bd, 0.00004244633429, 
DPRating, RATING, 1950, 0xe8663a64a96169ff4d95b4299e7ae9a76b905b31, 0.0003541153841, 
REAL, REAL, 1951, 0x9214ec02cb71cba0ada6896b8da260736a67ab10, 0.07525271071036, 
Infinity Esaham, INFS, 1952, 0x193408ca0576b73156ed42a2ea7d6fd3f6507162, 1.18719879002123, 
DecentBet, DBET, 1955, 0x9b68bfae21df5a510931a262cecf63f41338f264, 0.00395489788435, gambling
VegaWallet Token, VGW, 1961, 0x94236591125e935f5ac128bb3d5062944c24958c, 0.04500326577731, 
Tap, XTP, 1963, 0x6368e1E18c4C419DDFC608A0BEd1ccb87b9250fc, 0.00057704359353, 
Insula, ISLA, 1964, 0x697ef32b4a3f5a4c39de1cb7563f24ca7bfc5947, 0.73196006953272, 
Debitum, DEB, 1970, 0x151202c9c18e495656f372281f493eb7698961d5, 0.00348342288415, asset-management crowdfunding
CoinDeal Token, CDL, 1972, 0xcb17cd357c7acd594717d899ecb9df540f633f27, 0.01479559422816, 
SPINDLE, SPD, 1976, 0x1dEa979ae76f26071870F824088dA78979eb91C8, 0.00017198105606, 
Themis, GET, 1977, 0x60c68a87be1e8a84144b543aacfa77199cd3d024, 0.00115221684382, 
AI Doctor, AIDOC, 1973, 0x584b44853680ee34a0f337b712a8f66d816df151, 0.00088669167702, health ai-big-data payments
Matryx, MTX, 1979, 0x0af44e2784637218dd1d32a322d44e603a8f0c6a, 0.02959907413756, education research
Sether, SETH, 1983, 0x78b039921e84e726eb72e7b1212bb35504c645ca, 0.03357529397365, marketing content-creation
Cajutel, CAJ, 1986, 0x3c6a7ab47b5f058be0e7c7fe1a4b7925b8aca40e, 0.4953974308037, platform
GoldenPyrex, GPYX, 1987, 0x3e3CdA3218212503883C79F6D2FeEF29E6Bbb87d, 0.06692706905035, 
Rublix, RBLX, 1992, 0xFc2C4D8f95002C14eD0a7aA65102Cac9e5953b5E, 0.03094901767503, 
Friendz, FDZ, 1993, 0x23352036e911a22cfc692b5e2e196692658aded9, 0.0012333425126, iot
Moneynet, MNC, 1995, 0xbac7a1798350cdf2dbfe0c210c2c9861223f4b31, 0.00017414576693, 
RED, RED, 1996, 0x76960dccd5a1fe799f7c29be9f19ceb4627aeb2f, 0.00490868252368, marketplace
Jetcoin, JET, 1999, 0x8727c112c712c4a03371ac87a74dd6ab104af768, 0.0493315617822, marketing entertainment
PKG Token, PKG, 2001, 0x02f2d4a04e6e01ace88bd2cd632875543b2ef577, 0.00006943173329, 
Save Environment Token, SET, 2003, 0x0a2d9370cf74da3fd3df5d764e394ca8205c50b6, 0.64616868170584, 
Curio, CUR, 2007, 0x13339fd07934cd674269726edf3b5ccee9dd93de, 0.32014167979537, 
KIMCHI.finance, KIMCHI, 2008, 0x1e18821e69b9faa8e6e75dffe54e7e25754beda0, 0.00023689016235, yield-farming
EventChain, EVC, 2015, 0xb62d18dea74045e822352ce4b3ee77319dc5ff2f, 0.01917916816926, events entertainment
Playkey, PKT, 2017, 0x2604fa406be957e542beb89e6754fcde6815e83f, 0.03423371636595, media gaming entertainment
Rate3, RTE, 2022, 0x436f0f3a982074c4a05084485d421466a994fe53, 0.0006604433756, 
Kuende, KUE, 2027, 0xdf1338fbafe7af1789151627b886781ba556ef9a, 0.00064189690768, media communications-social-media collectibles-nfts content-creation social-token
EchoLink, EKO, 2029, 0xa6a840e50bcaa50da017b91a0d86b8b2d41156ee, 0.00113548010267, education jobs
HOMIHELP, HOMI, 2030, 0xCa208BfD69ae6D2667f1FCbE681BAe12767c0078, 0.49085091418338, 
OWNDATA, OWN, 2031, 0x170b275ced089fffaebfe927f445a350ed9160dc, 0.00005530560745, 
DomRaider, DRT, 2033, 0x9af4f26941677c706cfecf6d3379ff01bb85d5ab, 0.00094037626251, marketplace collectibles-nfts
Typerium, TYPE, 2035, 0xeaf61fc150cd5c3bea75744e830d916e60ea5a9f, 0.00034063629509, 
DeFi Bids, BID, 2036, 0x1dA01e84F3d4e6716F274c987Ae4bEE5DC3C8288, 0.02418569719642, collectibles-nfts
ShipChain, SHIP, 2038, 0xe25b0bba01dc5630312b6a21927e578061a13f55, 0.00114519479187, logistics
CustomContractNetwork, CCN, 2043, 0x17b26400621695c2d8c2d8869f6259e82d7544c4, 0.00033000976729, 
ATLANT, ATL, 2045, 0x78b7fada55a64dd895d8c8c35779dd8b67fa8a05, 0.00986635003384, real-estate
Tendies, TEND, 2046, 0x1453dbb8a29551ade11d89825ca812e05317eaeb, 0.0711411579392, memes
Seigniorage Shares, SHARE, 2050, 0x39795344cbcc76cc3fb94b9d1b15c23c2070c66d, 0.0258821763521, rebase seigniorage
HashCoin, HSC, 2052, 0x2bba3cf6de6058cc1b4457ce00deb359e2703d7f, 0.00004089154513, 
Smartshare, SSP, 2057, 0x624d520bab2e4ad83935fa503fb130614374e850, 0.00011172304992, 
Alt.Estate token, ALT, 2058, 0x419b8ed155180a8c9c64145e76dad49c0a4efb97, 0.00070904743026, 
ChartEx, CHART, 2061, 0x1d37986f252d0e349522ea6c3b98cb935495e63e, 0.02539441901714, analytics
HOQU, HQX, 2063, 0x1b957dc4aefeed3b4a2351a6a6d5cbfbba0cecfa, 0.00296096486029, 
Bounty0x, BNTY, 2069, 0xd2d6158683aee4cc838067727209a0aaf4359de3, 0.00209686176396, services crowdsourcing
Precium, PCM, 2070, 0x6096d2460cf5177e40b515223428dc005ad35123, 0.00065025851316, 
FLIP, FLP, 2072, 0x3a1bda28adb5b0a812a7cf10a1950c920f79bcd3, 0.00859497219076, 
MODEL-X-coin, MODX, 2073, 0x3c6Da7763cAA0e4b684BbC733f04a8EC08Af3762, 0.03946540013535, 
Gems , GEM, 2074, 0xc7bba5b765581efb2cdd2679db5bea9ee79b201f, 0.00039511586277, platform jobs sharing-economy pantera-capital-portfolio
Digital Insurance Token, DIT, 2077, 0xf14922001a2fb8541a433905437ae954419c2439, 0.00209414511428, 
DACSEE, DACS, 2079, 0xa31108e5bab5494560db34c95492658af239357c, 0.00061648309284, 
RMPL, RMPL, 2083, 0xe17f017475a709de58e976081eb916081ff4c9d5, 0.78692890119341, rebase
MesChain, MES, 2090, 0x8f1135eA4f8946949441716d66e5390C5A990DF0, 0.00050869399894, 
MetaMorph, METM, 2091, 0xfef3884b603c33ef8ed4183346e093a173c94da6, 0.00121873051669, decentralized-exchange
Decentralized Machine Learning, DML, 2098, 0xbcdfe338d55c061c084d81fd793ded00a27f226d, 0.0015564277919, 
Ubricoin, UBN, 2099, 0xdb13025b219db5e4529f48b65ff009a26b6ae733, 0.0001784994111, 
Blockburn, BURN, 2100, 0x8515cD0f00aD81996d24b9A9C35121a3b759D6Cd, 0.00020981683246, 
AiLink Token, ALI, 2101, 0x4289c043a12392f1027307fb58272d8ebd853912, 0.000079692332, 
Datamine, DAM, 2102, 0xf80d589b3dbe130c270a69f1a69d050f268786df, 0.11587966325463, defi
Ink Protocol, XNK, 2105, 0xbc86727e770de68b1060c91f6bb6945c73e10388, 0.00094742522256, marketplace reputation
Spectre.ai Utility Token, SXUT, 2112, 0x2c82c73d5b34aa015989462b2948cd616a37641f, 0.01603281880498, marketplace
Ethereum Gold Project, ETGP, 2111, 0xa96f31f1c187c28980176c3a27ba7069f48abde4, 0.00006628693114, 
NeoWorld Cash, NASH, 2114, 0x4b94c8567763654101f690cf4d54957206383b75, 0.00001640652249, play-to-earn
Tokenbox, TBX, 2116, 0x3a92bd396aef82af98ebc0aa9030d25a23b11c6b, 0.0342750475597, asset-management
Color Platform, CLR, 2117, 0x2396fbc0e2e3ae4b7206ebdb5706e2a5920349cb, 0.00280112078194, 
Rapidz, RPZX, 2122, 0x68350d30d9f58c81aaaa41929f1bfc52fff4ea49, 0.00020344047302, 
Kuverit, KUV, 2123, 0xf70d160102cf7a22c1e432d6928a9d625db91170, 0.00015506164544, 
PlayGame, PXG, 2124, 0x47e67ba66b0699500f18a53f94e2b9db3d47437e, 0.00037414874449, 
BITTO, BITTO, 2126, 0x55a290f08bb4cae8dcf1ea5635a3fcfd4da60456, 0.12244284171246, 
STK, STK, 2127, 0xaE73B38d1c9A8b274127ec30160a4927C4d71824, 0.00107913203495, services payments
Birdchain, BIRD, 2130, 0x026e62dded1a6ad07d93d39f96b9eabd59665e0d, 0.00130752550669, binance-smart-chain
Sessia, KICKS, 2131, 0xd91a6162f146ef85922d9a15ee6eb14a00344586, 0.04026855473333, 
HelloGold, HGT, 2133, 0xba2184520a1cc49a6159c57e61e1844e085615b6, 0.00137545039509, asset-management stablecoin stablecoin-asset-backed
LunchMoney, LMY, 2134, 0x66fd97a78d8854fec445cd1c80a07896b0b4851f, 0.00240492282075, ethereum
Elysian, ELY, 2137, 0xa95592dcffa3c080b4b40e459c5f5692f67db7f8, 0.00357853839656, 
Bitether, BTR, 2139, 0x499a6b77bc25c26bcf8265e2102b1b3dd1617024, 0.00616646877115, 
COVA, COVA, 2141, 0xb37a769b37224449d92aac57de379e1267cd3b00, 0.00013995802783, kinetic-capital
Rentberry, BERRY, 2143, 0x6aeb95f06cda84ca345c2de0f3b7f96923a44f4c, 0.0011542135321, 
Maecenas, ART, 2144, 0xfec0cf7fe078a500abf15f1284958f22049c2c7e, 0.00504183078997, art pantera-capital-portfolio
Alpha Token, A, 2146, 0xffc63b9146967a1ba33066fb057ee3722221acf0, 0.00986029803024, 
xBTC, xBTC, 2147, 0xECbF566944250ddE88322581024E611419715f7A, 0.47468096510645, rebase
TrueDeck, TDP, 2149, 0x5b11aacb6bddb9ffab908fdce739bf4aed554327, 0.01110466921307, gambling
DMScript, DMST, 2148, 0xF29992D7b589A0A6bD2de7Be29a97A6EB73EaF85, 0.00341078433093, gaming polkadot-ecosystem
Chronologic, DAY, 2150, 0xE814aeE960a85208C3dB542C53E7D4a6C8D5f60F, 0.27870505296459, 
Rope, $ROPE, 2153, 0x9d47894f8becb68b9cf3428d256311affe8b068b, 12.08656591622264, collectibles-nfts
UpToken, UP, 2154, 0x6ba460ab75cd2c56343b3517ffeba60748654d26, 0.00230303364559, 
Boosted Finance, BOOST, 2157, 0x3e780920601D61cEdb860fe9c4a90c9EA6A35E78, 5.61686593588191, yield-farming
Escroco Emerald, ESCE, 2161, 0x49614661737efbfc6a102efaeefdc8e197f7cc0e, 0.00033009729976, 
Decentralized Crypto Token, DCTO, 2163, 0x9ccbd05d4d25c745d49f5e6bf17e09113eb4c769, 0.00033000976729, 
Switch, ESH, 2168, 0xd6a55c63865affd67e2fb9f284f87b7a9e5ff3bd, 0.0266885065262, decentralized-exchange
Blockpass, PASS, 2170, 0xee4458e052b533b1aabd493b5f8c4d85d7b263dc, 0.001921, 
Rivetz, RVT, 2171, 0x3d1ba9be9f66b8ee101911bc36d3fb562eac2244, 0.01219365683572, hardware payments
Coinsuper Ecosystem Network, CEN, 2174, 0x0bc61dded5f6710c637cf8288eb6058766ce1921, 0.00088034998704, 
Innovative Bioresearch Coin, INNBC, 2175, 0xB67718b98d52318240c52E71A898335da4A28c42, 8.1608978e-7, binance-smart-chain
EveryCoin , EVY, 2176, 0xeed3ae7b0f8b5b9bb8c035a9941382b1822671cd, 0.00003345102405, 
ZPER, ZPR, 2177, 0xb5b8f5616fe42d5ceca3e87f3fddbdd8f496d760, 0.0002490284467, payments
1Million Token, 1MT, 2178, 0xf0bc1ae4ef7ffb126a8347d06ac6f8add770e1ce, 0.31619315153452, gambling
Ormeus Coin, ORMEUS, 2179, 0xc96df921009b790dffca412375251ed1a2b75c60, 0.00868344214093, asset-management payments
Nuco.cloud, NCDT, 2180, 0xe0c8b298db4cffe05d1bea0bb1ba414522b33c1b, 0.04776447060783, 
Parkgene, GENE, 2181, 0x6dd4e4aad29a40edd6a409b9c1625186c9855b4d, 0.00104802125783, iot
FuzeX, FXT, 2184, 0x1829aa045e21e0d59580024a951db48096e01782, 0.00032455574865, 
Ethereum Meta, ETHM, 2186, 0xfd957f21bd95e723645c07c48a2d8acb8ffb3794, 0.00000592809617, binance-smart-chain
Bancacy, BNY, 2191, 0x86149c67e57c749d0a12e6d6c2bf1b616619bb29, 0.00217682208657, 
Rotten, ROT, 2194, 0xD04785C4d8195e4A54d9dEc3a9043872875ae9E2, 0.00245319478857, defi memes yield-farming
MyBit, MYB, 2195, 0x5d60d8d7ef6d37e16ebabc324de3be57f135e0bc, 0.00183777520368, asset-management iot
JUIICE, JUI, 2196, 0x2CaE31D2Ca104a951654456f46168Bc9F88FDc65, 0.0000435477224, 
GoldFund, GFUN, 2201, 0x919d3a363776b1ceec9352610c82dfaf80edc32d, 0.00184944927852, 
Zeusshield, ZSC, 2199, 0x7A41e0517a5ecA4FdbC7FbebA4D4c47B9fF6DC63, 0.00024372175553, asset-management ai-big-data
MidasProtocol, MAS, 2204, 0x23ccc43365d9dd3882eab88f43d515208f832430, 0.00144363771805, 
MicroMoney, AMM, 2205, 0x8b1f49491477e0fb46a29fef53f1ea320d13c349, 0.01776747074092, asset-management dapp
Cosmo Coin, COSM, 2208, 0xd1e10c37a27d95d95720291b1dc6f12f74c71443, 0.00041015753135, 
Bela, BELA, 2209, 0x2e98a6804e4b6c832ed0ca876a943abd3400b224, 0.00554982189403, pow scrypt
VouchForMe, IPL, 2211, 0x64CdF819d3E75Ac8eC217B3496d7cE167Be42e80, 0.00110096184479, asset-management
Cyber Movie Chain, CMCT, 2212, 0x7abc60b3290f68c85f495fd2e0c3bd278837a313, 0.00001349979395, 
InterValue, INVE, 2213, 0xdac4ae188ace3c8985765edc6c9b4739d4845ddc, 0.00207983218059, 
Ethereum Gold, ETG, 2214, 0x28c8d01ff633ea9cd8fc6a451d7457889e698de6, 0.01312775380332, medium-of-exchange payments
Datamine FLUX, FLUX, 2219, 0x469eda64aed3a3ad6f868c44564291aa415cb1d9, 0.34333649494621, 
Cobinhood, COB, 2221, 0xb2f7eb1f2c37645be61d73953035360e768d81e6, 0.00061648309284, marketplace centralized-exchange
Bezop, BEZ, 2222, 0x8a1e3930fde1f151471c368fdbb39f3f63a65b55, 0.00455238960823, marketplace e-commerce
ATC Coin, ATCC, 2224, 0xddaaf4a0702a03a4505f2352a1aba001ffc344be, 0.00061648309284, 
Sentinel Chain, SENC, 2228, 0xa13f0743951b4f6e3e3aa039f682e17279f52bc3, 0.00126146653252, 
Membrana, MBN, 2232, 0x4eeea7b48b9c3ac8f70a9c932a8b1e8a5cb624c7, 0.00064102845324, 
Mainstream For The Underground, MFTU, 2234, 0xbA745513ACEbcBb977497C569D4F7d340f2A936B, 0.0002239864356, 
KanadeCoin, KNDC, 2236, 0x8E5610ab5E39d26828167640EA29823fe1dD5843, 0.00004353644173, 
Winco, WCO, 2237, 0xd44bb6663936cab1310584a277f7daa6943d4904, 0.00049331750169, 
InvestFeed, IFT, 2239, 0x7654915a1b82d6d2d0afc37c52af556ea8983c7e, 0.00123296618568, media content-creation
BoutsPro, BOUTS, 2244, 0x139d9397274bb9e2c29a9aa8aa0b5874d30d62e3, 0.00302045229297, 
Chi Gastoken, CHI, 2245, 0x0000000000004946c0e9f43f4dee607b0ef1fa1c, 0.26991190138662, 
Arbidex, ABX, 2247, 0x9a794dc1939f1d78fa48613b89b8f9d0a20da00e, 0.01081101516984, 
Fantasy Sports, DFS, 2249, 0xcec38306558a31cdbb2a9d6285947c5b44a24f3e, 0.0407433603601, 
Meridian Network, LOCK, 2252, 0x95172ccBe8344fecD73D0a30F54123652981BD6F, 0.0203330162072, 
Fortuna, FOTA, 2253, 0x4270bb238f6dd8b1c3ca01f96ca65b2647c06d3c, 0.00045986394859, platform payments
Opus, OPT, 2257, 0x4355fC160f74328f9b383dF2EC589bB3dFd82Ba0, 0.00155353739396, 
Swarm City, SWT, 2259, 0xb9e7f8568e08d5659f5d29c4997173d84cdf2607, 0.02534433025045, marketplace
IONChain, IONC, 2260, 0xbc647aad10114b89564c0a7aabe542bd0cf2c5af, 0.00177953606538, 
Zilla, ZLA, 2261, 0xfd8971d5e8e1740ce2d0a84095fca4de729d0c16, 0.00355188601218, platform crowdfunding wallet
PiplCoin, PIPL, 2262, 0xe64509f0bf07ce2d29a7ef19a8a9bc065477c1b4, 0.00123329375423, platform jobs
WABnetwork, WAB, 2266, 0x4bbbc57af270138ef2ff2c50dbfad684e9e0e604, 0.00001232966186, 
Playgroundz, IOG, 2267, 0x1c4b7d0e1885bd7667af3378e0c538f74e712006, 0.00732293004422, 
megaBONK, MBONK, 2268, 0xacfe45c352c902ae3a3f9b6bfe6ec994c5d791bf, 0.06958880655765, collectibles-nfts
GMB, GMB, 2270, 0x1b148b90442826375e864b71165a18b4d9256097, 0.00039915868731, 
Transcodium, TNS, 2272, 0xb0280743b44bf7db4b6be482b2ba7b75e5da096c, 0.00236907636633, 
Artfinity, AT, 2277, 0xe54b3458c47e44c37a267e7c633afef88287c294, 0.00160063634008, art collectibles-nfts data-provenance
Global Crypto Alliance, CALL, 2278, 0xbbe761ea1447a20b75aa485b7bcad4837415d7d7, 0.00252758068064, 
Sociall, SCL, 2281, 0xd7631787b4dcc87b1254cfd1e5ce48e96823dee8, 0.0117440029186, marketplace entertainment
VNX, VNXLU, 2285, 0x00fc270c9cc13e878ab5363d00354bebf6f05c15, 0.00678311564826, 
FSBT API Token, FSBT, 2287, 0x1ed7ae1f0e2fa4276dd7ddc786334a3df81d50c0, 0.05381104198002, 
Uptrennd, 1UP, 2288, 0x07597255910a51509ca469568b048f2597e72504, 0.00046865162661, 
OptiToken, OPTI, 2292, 0x832904863978b94802123106e6eb491bdf0df928, 0.00554982189403, 
Fireball, FIRE, 2299, 0x3F8A2f7bcD70e7F7Bdd3FbB079c11d073588DEA2, 8.84170693633741, 
ZeuxCoin, ZUC, 2302, 0x6b4689e4514957699edeb2ee91c947f18e439806, 0.00090036025134, 
Castweet, CTT, 2303, 0x1a4743cf1af4c289351390a2b3fe7c13d2f7c235, 0.09484736092941, 
HeartBout, HB, 2309, 0xe2492f8d2a2618d8709ca99b1d8d75713bd84089, 0.00306881397611, 
Matrexcoin, MAC, 2310, 0xc3e2de0b661cf58f66bde8e896905399ded58af5, 0.00739779711408, 
Devery, EVE, 2311, 0x923108a439c4e8c2315c4f6521e5ce95b44e9b4c, 0.00260224794811, 
Gene Source Code Chain, GENE, 2313, 0x884181554dfa9e578d36379919c05c25dc4a15bb, 0.00043165281398, 
Fire Lotto, FLOT, 2317, 0x049399a6b048d52971f7d122ae21a1532722285f, 0.00574829935736, 
SkinCoin, SKIN, 2318, 0x2bdc0d42996017fce214b21607a515da41a9e0c5, 0.00178560047266, media gaming entertainment
CyberMusic, CYMT, 2323, 0x78c292d1445e6b9558bf42e8bc369271ded062ea, 0.00000999482351, 
InvestDigital, IDT, 2324, 0x02c4c78c462e32cca4a90bc499bf411fb7bc6afb, 0.0013919573019, 
Italian Lira, ITL, 2326, 0x122A86b5DFF2D085AfB49600b4cd7375D0d94A5f, 0.00000616646877, marketplace payments stablecoin
TrustDAO, TRUST, 2327, 0x57700244B20f84799a31c6C96DadFF373ca9D6c5, 0.00845678703112, 
ICE ROCK MINING, ROCK2, 2330, 0xC16b542ff490e01fcc0DC58a60e1EFdc3e357cA6, 0.00949094429745, 
Dynamite, DYNMT, 2331, 0x3b7f247f21bf3a07088c2d3423f64233d4b069f7, 0.37322503044372, ethereum binance-smart-chain
Bigbom, BBO, 2334, 0x84f7c44b6fed1080f647e354d552595be2cc602f, 0.0004289437059, 
FNB Protocol, FNB, 2335, 0x47b28f365bf4cb38db4b6356864bde7bc4b35129, 0.0000595236639, platform
CBDAO, BREE, 2342, 0x4639cd8cd52EC1CF2E496a606ce28D8AfB1C792F, 0.13064316721265, 
GoNetwork, GOT, 2345, 0x423b5f62b328d0d6d44870f4eee316befa0b2df5, 0.00191160531906, marketplace
ETHplode, ETHPLO, 2348, 0xe0c6ce3e73029f201e5c0bedb97f67572a93711c, 0.00304670142613, 
More Coin, MORE, 2349, 0x305DE070488C8469dFAC957226c9c900c4BFbA22, 0.06658017402671, events loyalty entertainment
Insight Protocol, INX, 2350, 0x84fE25f3921f3426395c883707950d0c00367576, 0.00071957820138, 
ITO Utility Token, IUT, 2351, 0xD36a0e7b741542208aE0fBb35453C893D0136625, 0.00139316613541, 
Cipher, CPR, 2352, 0x20ae0ca9d42e6ffeb1188f341a7d63450452def6, 0.00168079759927, ethereum stellar binance-smart-chain
SiaCashCoin, SCC, 2357, 0x74fd51a98a4a1ecbef8cc43be801cce630e260bd, 0.00000566120391, 
Blocktix, TIX, 2359, 0xea1f346faf023f974eb5adaf088bbcdf02d761f4, 0.0030824154642, 
FidexToken, FEX, 2364, 0x1c1c14a6b5074905ce5d367b0a7e098b58ebfd47, 0.00000391827976, 
Webflix Token, WFX, 2367, 0xd111BCb8C30a600c12F4AF8314235F628EA2Cb3C, 0.00000841334476, 
BidiPass, BDP, 2368, 0x593114f03a0a575aece9ed675e52ed68d2172b8c, 0.0003100913269, 
Connectome, CNTM, 2369, 0x9a1bf361798ef6538ccb8137ea900c4d4b48ca3d, 0.09877437723728, 
Baguette Token, BGTT, 2370, 0x7a545Ed3863221A974F327199Ac22F7f12535F11, 0.01000547302839, memes yield-farming avalanche-ecosystem
Eroscoin, ERO, 2371, 0x74ceda77281b339142a36817fa5f9e29412bab85, 0.00061664687711, platform payments
EnterCoin, ENTRC, 2374, 0xd9d01d4cb824219a8f482a0fad479cb971fd0628, 0.01991891885453, 
Truegame, TGAME, 2376, 0xf8e06e4e4a80287fdca5b02dccecaa9d0954840f, 0.00134048704091, 
SBank, STS, 2377, 0x4c14114c107d6374ec31981f5f6cc27a13e22f9a, 0.00739779711408, 
LuckySevenToken, LST, 2378, 0x6b9F1F092E0B10015a4391A80cD3E6B6cefD1728, 0.00161280384085, 
Open Predict Token, OPT, 2380, 0x4FE5851C9af07df9e5AD8217aFAE1ea72737Ebda, 0.10483490518894, dao-maker
DABANKING, DAB, 2386, 0x5e7ebea68ab05198f771d77a875480314f1d0aae, 0.01999792026189, 
Worldcore, WRC, 2388, 0x72adadb447784dd7ab1f472467750fc485e4cb2d, 0.00056960977298, 
Ormeus Cash, OMC, 2390, 0xd6bd97a26232ba02172ff86b055d5d7be789335b, 0.00052619209735, 
TCASH, TCASH, 2394, 0x7051620d11042c4335069AaA4f10Cd3B4290C681, 0.00278633227081, decentralized-exchange
imbrex, REX, 2395, 0xf05a9382A4C3F29E2784502754293D88b835109C, 0.01128529173438, real-estate
Kush Finance, KSEED, 2402, 0x3f09400313e83d53366147e3ea0e4e2279d80850, 0.35514118795427, 
Bitnation, XPAT, 2404, 0xBB1fA4FdEB3459733bF67EbC6f893003fA976a82, 0.00000300134705, 
Bintex Futures, BNTX, 2415, 0x86d1d12523B65203851c571FcC029bF90903fB6d, 0.86205492464539, decentralized-exchange
ZeusNetwork, ZEUS, 2416, 0xe7e4279b80d319ede2889855135a22021baf0907, 0.00000123329375, 
Elementeum, ELET, 2418, 0x6c37bf4f042712c978a73e3fd56d1f5738dd7c43, 0.01620424679559, 
Suretly, SUR, 2420, 0xe120c1ecbfdfea7f0a8f0ee30063491e8c26fedf, 0.35903458242399, asset-management
Biotron, BTRN, 2425, 0x03c780cd554598592b97b7256ddaad759945b125, 0.00123329375423, 
KWHCoin, KWH, 2429, 0xb8ddc930c2bab6c71610a2be639036e829f9c10b, 0.00004353644173, 
EUNOMIA, ENTS, 2430, 0x0f612a09ead55bb81b6534e80ed5a21bf0a27b16, 0.00000479029052, 
SF Capital, SFCP, 2438, 0x8b6cda5cc518c904e8844f445e1a7c7d2db0ff16, 0.00074190005023, 
Taklimakan Network, TAN, 2439, 0x2c36204a0712a2a50e54a62f7c4f01867e78cb53, 0.00161420587461, 
UChain, UCN, 2440, 0xaaf37055188feee4869de63464937e683d61b2a1, 0.00023907755437, 
Micromines, MICRO, 2446, 0xbe6c8f2810ef39420d2dc2901b8414c8c45fee6d, 0.00000391929502, decentralized-exchange
Natmin Pure Escrow, NAT, 2447, 0x90d46a9636b973f18186541d1b04ed3621a49cb0, 0.00043536441731, 
PYRO Network, PYRO, 2448, 0x14409b0fc5c7f87b5dad20754fe22d29a3de8217, 0.00008709544481, 
Raise, RAISE, 2450, 0x10ba8c420e912bf07bedac03aa6908720db04e0c, 0.00471651225097, 
Waletoken, WTN, 2451, 0x0ea984e789302b7b612147e4e4144e64f21425eb, 0.00000348381779, 
Joint Ventures, JOINT, 2452, 0x347c099f110ca6761779329d2879957b606b6ace, 0.00309108736293, iot
Kind Ads Token, KIND, 2453, 0x4618519de4c304f3444ffa7f812dddc2971cc688, 0.00160895447033, 
BlockMesh, BMH, 2454, 0xf03045a4c8077e38f3b8e2ed33b8aee69edf869f, 0.0002478920446, 
Datarius Credit, DTRC, 2455, 0xc20464e0c373486d2b3335576e83a218b1618a5e, 0.00042295341052, 
Privatix, PRIX, 2461, 0x3adfc4999f77d04c8341bac5f3a76f58dff5b37a, 0.05796480644879, marketplace distributed-computing
YFIVE FINANCE, YFIVE, 2462, 0xd3E8695d2Bef061EAb38B5EF526c0f714108119C, 2.88535885544013, 
ArbitrageCT, ARCT, 2463, 0x1245ef80f4d9e02ed9425375e8f649b9221b31d8, 0.00061664687711, 
EvenCoin, EVN, 2465, 0x68909e586eeac8f47315e84b4c9788dd54ef65bb, 0.00200972189819, tourism
PolypuX, PUX, 2471, 0xe277ac35f9d327a670c1a3f3eec80a83022431e4, 0.00152860770477, 
NFX Coin, NFXC, 2473, 0x2d39ec4da54329d28d230b4973f5aa27886c3aee, 0.00061664687711, 
StarterCoin, STAC, 2475, 0x9a005c9a89bd72a4bd27721e7a09a3c11d2b03c4, 0.00017607902766, 
BitRewards, BIT, 2481, 0x47da42696a866cdc61a4c809a515500a242909c1, 0.0001684860295, 
CryptoEnergy, CNRG, 2482, 0xc21dBEE65D62770953035f0434C532d578a666c9, 2.08083258087108, 
ShowHand, HAND, 2486, 0x48c1b2f3efa85fbafb2ab951bf4ba860a08cdbb7, 8.7095445e-7, 
Ether Kingdoms Token, IMP, 2489, 0x48ff53777f747cfb694101222a944de070c15d36, 0.00678311564826, 
XOVBank, XOV, 2491, 0x153ed9cc1b792979d2bde0bbf45cc2a7e436a5f9, 0.00037364502216, 
Crowd Machine, CMCT, 2492, 0x47bc01597798dcd7506dcca36ac4302fc93a8cfb, 0.00011253949761, 
Yield Stake Finance, YI12, 2496, 0x03e4bdce611104289333f35c8177558b04cc99ff, 4.61183345484278, 
ELTCOIN, ELTCOIN, 2497, 0x44197a4c44d6a059297caf6be4f7e172bd56caaf, 0.00056612039125, 
FUZE Token, FUZE, 2498, 0x187d1018e8ef879be4194d6ed7590987463ead85, 67.406061562428, 
Bionic, BNC, 2499, 0xef51c9377feb29856e61625caf9390bd0b67ea18, 0.00009754689819, 
ZINC, ZINC, 2501, 0x4aac461c86abfa71e9d00d9a2cde8d74e4e1aeea, 0.0089580132506, 
Provoco Token, VOCO, 2502, 0xb5ca46cf1da09248126682a7bd72401fd7a6b151, 5.002001e-8, 
Paypex, PAYX, 2503, 0x62a56a4a2ef4d355d34d10fbf837e747504d38d4, 0.00033009729976, 
Knekted, KNT, 2506, 0x7CC62d8E80Be9bEa3947F3443aD136f50f75b505, 0.00006166479679, 
iBTC, IBTC, 2509, 0xb7c4a82936194fee52a4e3d4cec3415f74507532, 0.00092148093394, 
TravelNote, TVNT, 2511, 0x5635ddeabf9cdda686995fe90beb5411831563fc, 0.02138904956231, tourism
BoatPilot Token, NAVY, 2513, 0xc15a399c4ea7815fe36857c9e290ee452a5d6b21, 0.00061648309284, 
Rewardiqa, REW, 2521, 0x3FFfFA8F3cc943e43f9f17a83Cbb18f4Bbb9f4AC, 0.00435364417314, 
Havy, HAVY, 2525, 0x7c2e5b7ec572199d3841f6a38f7d4868bd0798f1, 0.00000499429831, 
Plus-Coin, NPLC, 2527, 0x97fb6fc2ad532033af97043b563131c5204f8a35, 0.0000863305628, 
Zuflo Coin, ZFL, 2528, 0x19fFfd124CD9089E21026d10dA97f8cD6B442Bff, 0.00061664687711, 
Cryptrust, CTRT, 2530, 0x8606a8f28e1e2fd50b9074d65c01548b1f040b32, 0.00000533942271, 
Spectrum, SPT, 2534, 0x01cc4151fe5f00efb8df2f90ff833725d3a482a3, 0.00003004014479, 
Thingschain, TIC, 2537, 0x72430a612adc007c50e3b6946dbb1bb0fd3101d1, 0.00000304834057, 
Celeum, CLX, 2538, 0x9f8f7ea504588a58b8b24b832b5d25a4aeb4706f, 0.00674989697265, 
BTC Lite, BTCL, 2539, 0x5acd19b9c91e596b1f062f18e3d02da7ed8d1e50, 0.00184994063134, 
Cryptobuyer, XPT, 2540, 0x08aa0ed0040736dd28d4c8b16ab453b368248d19, 0.00060024016756, 
Alpha Coin, APC, 2541, 0x15bda08c3afbf5955d6e9b235fd55a1fd0dbc829, 0.00097906501437, 
Shivers, SHVR, 2543, 0xd5f788ca0de8f17cbde1d1e35aa8f005a87fa00b, 0.00061648309284, 
Thore Cash, TCH, 2544, 0x9972a0f24194447e73a7e8b6cd26a52e02ddfad5, 0.00060951018424, 
Tourist Token, TOTO, 2546, 0xe3278df3eb2085ba9b6899812a99a10f9ca5e0df, 0.00000610584997, 
ARAW, ARAW, 2547, 0x30680ac0a8a993088223925265fd7a76beb87e7f, 0.00001652977148, 
XPA, XPA, 2552, 0x90528aeb3a2b736b780fd1b6c478bb7e1d643170, 0.00056597374251, asset-management
Neuromorphic.io, NMP, 2554, 0x4D6b9f281AF31916a0f16D1cEA2ec7384851EAAb, 0.00457796958465, 
Halving Token, HALV, 2557, 0x9e7cb236e43c4bd042fE463df6a175d4479ee186, 0.01300617066083, 
Ccore, CCO, 2558, 0x679badc551626e01b23ceecefbc9b877ea18fc46, 0.0185513297442, 
CRDT, CRDT, 2559, 0xDaab5E695bb0E8Ce8384ee56BA38fA8290618e52, 0.00358919671396, 
Fesschain, FESS, 2560, 0xe09394f8ba642430ed448ca20f342ec7aa1ba2e1, 0.00026517597531, 
Payfair, PFR, 2562, 0xB41422D5a1d5d5C73c229686935b40F881502785, 0.00078385900328, 
4NEW, KWATT, 2568, 0x241ba672574a78a3a604cdd0a94429a73a84a324, 0.00047031540197, 
HashNet BitEco, HNB, 2575, 0x9c197c4b58527faaab67cb35e3145166b23d242e, 0.00089035396417, 
IGToken, IG, 2576, 0x8a88f04e0c905054d2f33b26bb3a46d7091a039a, 0.00000609668114, 
Zenswap Network Token, ZNT, 2577, 0xe95990825aab1a7f0af4cc648f76a3bcc99f25b2, 0.00000217776952, decentralized-exchange
onLEXpa, onLEXpa, 2579, 0x33384af34b03eaca63fd153f59589f504772b570, 0.00004353644173, 
Aeryus, AER, 2587, 0xac4d22e40bf0b8ef4750a99ed4e935b99a42685e, 0.00196809328932, 
Decentralized Asset Trading Platform, DATP, 2591, 0x813b428af3920226e059b68a62e4c04933d4ea7a, 0.00000197133853, 
HyperQuant, HQT, 2597, 0x3e1d5a855ad9d948373ae68e4fe1f094612b1322, 0.00022296433871, 
Abitshadow Token, ABST, 2602, 0xa0b207103f764a920b4af9e691f5bd956de14ded, 0.0000435477224, 
Bonpay, BON, 2605, 0xcc34366e3842ca1bd36c1f324d15257960fcc801, 0.00184994063134, 
IFX24, IFX24, 2609, 0xc962ad021a69D457564e985738C719aE3f79B707, 0.00678311564826, 
YoloCash, YLC, 2619, 0x21d5678a62dfe63a47062469ebb2fac2817d8832, 0.00065321583606, 
WXCOINS, WXC, 2620, 0x0ee11500e7cfe6124e3716cd7755a0f0f2116244, 0.00061664687711, mineable
MESEFA, SEFA, 2621, 0x27201232579491Ce9b116Ac6F37D354Cc723A2f3, 0.04401761228766, 
Feellike, FLL, 2628, 0x9235bda06b8807161b8fbb1e102cb654555b212f, 0.00969386870207, 
Webcoin, WEB, 2630, 0xf344490abd414dafa97f34c8ca501b0aa5bf8873, 0.00030475509212, binance-smart-chain
Connect Coin, XCON, 2631, 0x0f237d5ea7876e0e2906034d98fdb20d43666ad4, 0.00043153816499, 
Sparkle Loyalty, SPRKL, 2635, 0x4b7ad3a56810032782afce12d7d27122bdb96eff, 0.00123255119531, 
DistX, DISTX, 2636, 0x4b4701f3f827e1331fb22ff8e2beac24b17eb055, 0.00049718041123, 
Scanetchain, SWC, 2637, 0xadf8b8050639b6236915f7516d69de714672f0bf, 0.00001849449279, 
SWYFT, SWYFTT, 2641, 0xA1248c718d52752b2cC257eeb0eBa900408dAeB8, 0.01981971318044, 
EXMR FDN, EXMR, 2642, 0x331fa6c97c64e47475164b9fc8143b533c5ef529, 0.0022008749676, marketplace platform payments staking dapp
LitecoinToken, LTK, 2643, 0x8a732bc91c33c167f868e0af7e6f31e0776d0f71, 1.399635e-7, 
Herbalist Token, HERB, 2644, 0x04a020325024f130988782bd5276e53595e8d16e, 0.00000134112906, 
Hyper Speed Network, HSN, 2645, 0x365542df3c8c9d096c5f0de24a0d8cf33c19c8fd, 0.00010350228592, 
SeChain, SNN, 2646, 0xF5717f5DF41eA67Ef67DFD3c1d02F9940bcF5d08, 7.4031128e-7, binance-smart-chain
Guider, GDR, 2651, 0x874d4c9b980f1a13dd44cbcdb912e24ef0671ed0, 0.00004825137781, tourism
FUTURAX, FTXT, 2653, 0x41875c2332b0877cdfaa699b641402b7d4642c32, 0.00000348381779, 
Electrum Dark, ELD, 2665, 0x796e47b85a0d759f300f1de96a3583004235d4d8, 0.00251585907552, 
JavaScript Token, JS, 2670, 0x5046e860ff274fb8c66106b0ffb8155849fb0787, 0.0010482996911, marketplace crowdsourcing jobs
ECOSC, ECU, 2673, 0x8fc9b6354E839AB1c8B31F4afa53607092B8C2e5, 0.00900357941293, 
The Currency Analytics, TCAT, 2679, 0xaff84e86d72edb971341a6a66eb2da209446fa14, 0.00004353644173, 
ETHPlus, ETHP, 2680, 0xEED736b2b809550D89A941C2005dE93588c628e2, 0.00500192111399, 
FinNexus, FNX, 2681, 0xeF9Cd7882c067686691B6fF49e650b43AFBBCC6B, 0.00018908490551, derivatives options
Abulaba, AAA, 2684, 0xd938137e6d96c72e4a6085412ada2dad78ff89c4, 0.00035187116096, 
Diligence, IRA, 2689, 0xade7b5f4a421d81ddad8ce86f77a0efe8921e9cc, 0.0002193454663, 
Crystal Token, CYL, 2690, 0x26CB3641aaA43911f1D4cB2ce544eb652AAc7c47, 0.0073503379664, 
DOWCOIN, DOW, 2692, 0x76974c7b79dc8a6a109fd71fd7ceb9e40eff5382, 0.00030483405683, 
Helex, HLX, 2693, 0x8F8e787989BC652eeA01A6C88a19f0f379BDF4FD, 0.05115412650102, 
Bitcoinus, BITS, 2694, 0xc38f1fb49acdf2f1213caf3319f6eb3ea2cb7527, 1.0004e-8, 
Bulleon, BUL, 2699, 0x0775c81a273b355e6a5b76e240bf708701f00279, 0.00246658750846, 
Storeum, STO, 2703, 0xcb39c3502415152b2ec90ff07ee18cc94f681a72, 0.00000870954448, 
Bidesk, BDK, 2705, 0xbfc1502ebc37475b940ced8f036b91018a73c8f6, 0.00030012008378, 
IBStoken, IBS, 2706, 0xf0e6019c0f16d31294937b3334229909349e00f4, 0.00222609522638, 
Staker, STR, 2708, 0xbae235823d7255d9d48635ced4735227244cd583, 0.00123329375423, 
Innovative Bioresearch Classic, INNBCL, 2715, 0x0Cc9FCCFF81252F4bd8C5c6b359B14ae2Ed851cf, 8.04323e-8, 
Agrolot, AGLT, 2716, 0x72c9fb7ed19d3ce51cea5c56b3e023cd918baadf, 1.5e-7, 
WETH, WETH, 2717, 0xc02aaa39b223fe8d0a0e5c4f27ead9083c756cc2, 4350.577219379079, 
FLEX, FLEX, 2718, 0xfcf8eda095e37a41e002e266daad7efc1579bc0a, 2.63497123758559, 
Compound USD Coin, CUSDC, 2726, 0x39aa39c021dfbae8fac545936693ac917d5e7563, 0.02231679790873, defi asset-backed-coin
Compound Dai, CDAI, 2728, 0x5d3a536e4d6dbd6114cc1ead35777bab948e3643, 0.02168970048447, defi
XT.com Token, XT, 2743, 0x4be10da47a07716af28ad199fbe020501bddd7af, 16.45672223703073, 
Somnium Space Cubes, CUBE, 2769, 0xdf801468a808a32656d2ed2d2d80b72a129739f4, 18.13766195875023, collectibles-nfts metaverse polygon-ecosystem near-protocol-ecosystem
Compound USDT, CUSDT, 2777, 0xf650c3d88d12db855b8bf7d11be6c55a4e07dcc9, 0.0215249334676, defi
sBTC, SBTC, 2783, 0xfE18be6b3Bd88A2D2A7f928d00292E7a9963CfC6, 61485.25941224904, defi synthetics
Dapp Token, DAPPT, 2812, 0x386cabc0b14a507a4e024dea15554342865b20de, 0.00604586966513, 
Doctors Coin, DRS, 2853, 0xbf13FF395D686Ed7C705A5411CC8E4E21Ff2Ceb2, 1.44500943253168, 
FUTUREXCRYPTO, FXC, 2870, 0x1e6063b7b3a1c1952ed2c4087fd528998db69ec7, 2.89415554060251, 
PointPay, PXP, 2872, 0x95aa5d2dbd3c16ee3fdea82d5c6ec3e38ce3314f, 0.03941576469625, 
Homeros, HMR, 2894, 0xB1A30851E3f7d841b231B086479608e17198363A, 0.03194107089963, 
ALP Coin, ALP, 2901, 0x37d6e7f287200c740012747d2a79295caed2db35, 0.74647670320984, 
DeFi Pulse Index, DPI, 2902, 0x1494ca1f11d487c2bbe4543e90080aeba4ba3c2b, 362.0420014520498, defi defi-index
FinexboxToken, FNB, 2903, 0xe6d2c3cb986db66818c14c7032db05d1d2a6ee74, 2.17866499056275, 
Yobit Token, YO, 2914, 0xebf4ca5319f406602eeff68da16261f1216011b5, 3191.362986180249, decentralized-exchange
Arcona, ARCONA, 2933, 0x0f71b8de197a1c84d31de0f1fa7926c365f052b3, 2.10934488356017, metaverse
Brazilian Digital Token, BRZ, 2949, 0x420412e765bfa6d85aaac94b4f7b708c89be2e2b, 0.17435768767375, solana-ecosystem
BKEX Token, BKK, 2958, 0xd0bd12a8d5ebca1e2fa46da59f1993ec51c3d75c, 0.19849841573412, centralized-exchange algorand-ecosystem
ARCS, ARX, 2978, 0x7d8DafF6d70CEAd12c6f077048552Cf89130A2B1, 0.06376775511101, 
